0 verbose cli /usr/local/bin/node /usr/local/bin/npm
1 info using npm@10.9.2
2 info using node@v22.14.0
3 silly config load:file:/usr/local/lib/node_modules/npm/npmrc
4 silly config load:file:/Users/kunalkakkar/Desktop/ROADSOS/frontend/.npmrc
5 silly config load:file:/Users/kunalkakkar/.npmrc
6 silly config load:file:/usr/local/etc/npmrc
7 verbose title npm install vercel
8 verbose argv "install" "vercel" "--save-dev" "--cache" "./.npm-cache"
9 verbose logfile logs-max:10 dir:/Users/kunalkakkar/Desktop/ROADSOS/frontend/.npm-cache/_logs/2026-05-28T19_04_08_567Z-
10 verbose logfile /Users/kunalkakkar/Desktop/ROADSOS/frontend/.npm-cache/_logs/2026-05-28T19_04_08_567Z-debug-0.log
11 silly logfile done cleaning log files
12 silly packumentCache heap:4345298944 maxSize:1086324736 maxEntrySize:543162368
13 silly idealTree buildDeps
14 silly fetch manifest vercel@*
15 silly packumentCache full:https://registry.npmjs.org/vercel cache-miss
16 verbose shrinkwrap failed to load node_modules/.package-lock.json out of date, updated: node_modules
17 http fetch GET 200 https://registry.npmjs.org/npm 203ms
18 http fetch GET 200 https://registry.npmjs.org/vercel 187ms (cache miss)
19 silly packumentCache full:https://registry.npmjs.org/vercel set size:undefined disposed:false
20 silly placeDep ROOT vercel@54.6.0 OK for: roadsos@0.0.0 want: *
21 silly fetch manifest @vercel/blob@2.4.0
22 silly packumentCache full:https://registry.npmjs.org/@vercel%2fblob cache-miss
23 silly fetch manifest @vercel/fun@1.3.0
24 silly packumentCache full:https://registry.npmjs.org/@vercel%2ffun cache-miss
25 silly fetch manifest @vercel/prepare-flags-definitions@0.2.1
26 silly packumentCache full:https://registry.npmjs.org/@vercel%2fprepare-flags-definitions cache-miss
27 silly fetch manifest chokidar@4.0.0
28 silly packumentCache full:https://registry.npmjs.org/chokidar cache-miss
29 silly fetch manifest esbuild@0.27.0
30 silly packumentCache full:https://registry.npmjs.org/esbuild cache-miss
31 silly fetch manifest form-data@^4.0.0
32 silly packumentCache full:https://registry.npmjs.org/form-data cache-miss
33 silly fetch manifest jose@5.9.6
34 silly packumentCache full:https://registry.npmjs.org/jose cache-miss
35 silly fetch manifest luxon@^3.4.0
36 silly packumentCache full:https://registry.npmjs.org/luxon cache-miss
37 silly fetch manifest proxy-agent@6.4.0
38 silly packumentCache full:https://registry.npmjs.org/proxy-agent cache-miss
39 http fetch GET 200 https://registry.npmjs.org/@vercel%2ffun 49ms (cache miss)
40 silly packumentCache full:https://registry.npmjs.org/@vercel%2ffun set size:undefined disposed:false
41 silly fetch manifest sandbox@2.5.6
42 silly packumentCache full:https://registry.npmjs.org/sandbox cache-miss
43 http fetch GET 200 https://registry.npmjs.org/sandbox 36ms (cache miss)
44 silly packumentCache full:https://registry.npmjs.org/sandbox set size:undefined disposed:false
45 silly fetch manifest smol-toml@1.5.2
46 silly packumentCache full:https://registry.npmjs.org/smol-toml cache-miss
47 http fetch GET 200 https://registry.npmjs.org/@vercel%2fprepare-flags-definitions 108ms (cache miss)
48 silly packumentCache full:https://registry.npmjs.org/@vercel%2fprepare-flags-definitions set size:undefined disposed:false
49 silly fetch manifest zod@4.1.11
50 silly packumentCache full:https://registry.npmjs.org/zod cache-miss
51 http fetch GET 200 https://registry.npmjs.org/form-data 115ms (cache miss)
52 silly packumentCache full:https://registry.npmjs.org/form-data set size:undefined disposed:false
53 silly fetch manifest @vercel/build-utils@13.26.4
54 silly packumentCache full:https://registry.npmjs.org/@vercel%2fbuild-utils cache-miss
55 http fetch GET 200 https://registry.npmjs.org/proxy-agent 121ms (cache miss)
56 silly packumentCache full:https://registry.npmjs.org/proxy-agent set size:undefined disposed:false
57 silly fetch manifest @vercel/detect-agent@1.2.3
58 silly packumentCache full:https://registry.npmjs.org/@vercel%2fdetect-agent cache-miss
59 http fetch GET 200 https://registry.npmjs.org/luxon 122ms (cache miss)
60 silly packumentCache full:https://registry.npmjs.org/luxon set size:undefined disposed:false
61 silly fetch manifest @vercel/cli-config@0.1.2
62 silly packumentCache full:https://registry.npmjs.org/@vercel%2fcli-config cache-miss
63 http fetch GET 200 https://registry.npmjs.org/smol-toml 37ms (cache miss)
64 silly packumentCache full:https://registry.npmjs.org/smol-toml set size:undefined disposed:false
65 silly fetch manifest @vercel/backends@0.8.2
66 silly packumentCache full:https://registry.npmjs.org/@vercel%2fbackends cache-miss
67 http fetch GET 200 https://registry.npmjs.org/chokidar 125ms (cache miss)
68 silly packumentCache full:https://registry.npmjs.org/chokidar set size:undefined disposed:false
69 silly fetch manifest @vercel/elysia@0.1.83
70 silly packumentCache full:https://registry.npmjs.org/@vercel%2felysia cache-miss
71 http fetch GET 200 https://registry.npmjs.org/jose 137ms (cache miss)
72 silly packumentCache full:https://registry.npmjs.org/jose set size:undefined disposed:false
73 silly fetch manifest @vercel/express@0.1.93
74 silly packumentCache full:https://registry.npmjs.org/@vercel%2fexpress cache-miss
75 http fetch GET 200 https://registry.npmjs.org/esbuild 175ms (cache miss)
76 silly packumentCache full:https://registry.npmjs.org/esbuild set size:undefined disposed:false
77 silly fetch manifest @vercel/h3@0.1.92
78 silly packumentCache full:https://registry.npmjs.org/@vercel%2fh3 cache-miss
79 http fetch GET 200 https://registry.npmjs.org/@vercel%2fcli-config 56ms (cache miss)
80 silly packumentCache full:https://registry.npmjs.org/@vercel%2fcli-config set size:undefined disposed:false
81 silly fetch manifest @vercel/fastify@0.1.86
82 silly packumentCache full:https://registry.npmjs.org/@vercel%2ffastify cache-miss
83 http fetch GET 200 https://registry.npmjs.org/@vercel%2fexpress 67ms (cache miss)
84 silly packumentCache full:https://registry.npmjs.org/@vercel%2fexpress set size:undefined disposed:false
85 silly fetch manifest @vercel/hydrogen@1.3.8
86 silly packumentCache full:https://registry.npmjs.org/@vercel%2fhydrogen cache-miss
87 http fetch GET 200 https://registry.npmjs.org/@vercel%2fbuild-utils 101ms (cache miss)
88 silly packumentCache full:https://registry.npmjs.org/@vercel%2fbuild-utils set size:undefined disposed:false
89 silly fetch manifest @vercel/hono@0.2.86
90 silly packumentCache full:https://registry.npmjs.org/@vercel%2fhono cache-miss
91 http fetch GET 200 https://registry.npmjs.org/zod 113ms (cache miss)
92 silly packumentCache full:https://registry.npmjs.org/zod set size:undefined disposed:false
93 silly fetch manifest @vercel/koa@0.1.66
94 silly packumentCache full:https://registry.npmjs.org/@vercel%2fkoa cache-miss
95 http fetch GET 200 https://registry.npmjs.org/@vercel%2ffastify 59ms (cache miss)
96 silly packumentCache full:https://registry.npmjs.org/@vercel%2ffastify set size:undefined disposed:false
97 silly fetch manifest @vercel/nestjs@0.2.87
98 silly packumentCache full:https://registry.npmjs.org/@vercel%2fnestjs cache-miss
99 http fetch GET 200 https://registry.npmjs.org/@vercel%2fkoa 47ms (cache miss)
100 silly packumentCache full:https://registry.npmjs.org/@vercel%2fkoa set size:undefined disposed:false
101 silly fetch manifest @vercel/go@3.8.0
102 silly packumentCache full:https://registry.npmjs.org/@vercel%2fgo cache-miss
103 http fetch GET 200 https://registry.npmjs.org/@vercel%2fhydrogen 71ms (cache miss)
104 silly packumentCache full:https://registry.npmjs.org/@vercel%2fhydrogen set size:undefined disposed:false
105 silly fetch manifest @vercel/next@4.17.4
106 silly packumentCache full:https://registry.npmjs.org/@vercel%2fnext cache-miss
107 http fetch GET 200 https://registry.npmjs.org/@vercel%2fhono 66ms (cache miss)
108 silly packumentCache full:https://registry.npmjs.org/@vercel%2fhono set size:undefined disposed:false
109 silly fetch manifest @vercel/node@5.8.7
110 silly packumentCache full:https://registry.npmjs.org/@vercel%2fnode cache-miss
111 http fetch GET 200 https://registry.npmjs.org/@vercel%2fnestjs 52ms (cache miss)
112 silly packumentCache full:https://registry.npmjs.org/@vercel%2fnestjs set size:undefined disposed:false
113 silly fetch manifest @vercel/redwood@2.4.14
114 silly packumentCache full:https://registry.npmjs.org/@vercel%2fredwood cache-miss
115 http fetch GET 200 https://registry.npmjs.org/@vercel%2fblob 311ms (cache miss)
116 silly packumentCache full:https://registry.npmjs.org/@vercel%2fblob set size:undefined disposed:false
117 silly fetch manifest @vercel/python@6.43.3
118 silly packumentCache full:https://registry.npmjs.org/@vercel%2fpython cache-miss
119 http fetch GET 200 https://registry.npmjs.org/@vercel%2felysia 217ms (cache miss)
120 silly packumentCache full:https://registry.npmjs.org/@vercel%2felysia set size:undefined disposed:false
121 silly fetch manifest @vercel/remix-builder@5.8.3
122 silly packumentCache full:https://registry.npmjs.org/@vercel%2fremix-builder cache-miss
123 http fetch GET 200 https://registry.npmjs.org/@vercel%2fnode 71ms (cache miss)
124 silly packumentCache full:https://registry.npmjs.org/@vercel%2fnode set size:undefined disposed:false
125 silly fetch manifest @vercel/ruby@2.4.0
126 silly packumentCache full:https://registry.npmjs.org/@vercel%2fruby cache-miss
127 http fetch GET 200 https://registry.npmjs.org/@vercel%2fdetect-agent 268ms (cache miss)
128 silly packumentCache full:https://registry.npmjs.org/@vercel%2fdetect-agent set size:undefined disposed:false
129 silly fetch manifest @vercel/rust@1.3.0
130 silly packumentCache full:https://registry.npmjs.org/@vercel%2frust cache-miss
131 http fetch GET 200 https://registry.npmjs.org/@vercel%2fh3 213ms (cache miss)
132 silly packumentCache full:https://registry.npmjs.org/@vercel%2fh3 set size:undefined disposed:false
133 silly fetch manifest @vercel/static-build@2.9.33
134 silly packumentCache full:https://registry.npmjs.org/@vercel%2fstatic-build cache-miss
135 http fetch GET 200 https://registry.npmjs.org/@vercel%2fruby 65ms (cache miss)
136 silly packumentCache full:https://registry.npmjs.org/@vercel%2fruby set size:undefined disposed:false
137 http fetch GET 200 https://registry.npmjs.org/@vercel%2fbackends 309ms (cache miss)
138 silly packumentCache full:https://registry.npmjs.org/@vercel%2fbackends set size:undefined disposed:false
139 http fetch GET 200 https://registry.npmjs.org/@vercel%2fstatic-build 72ms (cache miss)
140 silly packumentCache full:https://registry.npmjs.org/@vercel%2fstatic-build set size:undefined disposed:false
141 http fetch GET 200 https://registry.npmjs.org/@vercel%2fgo 266ms (cache miss)
142 silly packumentCache full:https://registry.npmjs.org/@vercel%2fgo set size:undefined disposed:false
143 http fetch GET 200 https://registry.npmjs.org/@vercel%2fpython 242ms (cache miss)
144 silly packumentCache full:https://registry.npmjs.org/@vercel%2fpython set size:undefined disposed:false
145 http fetch GET 200 https://registry.npmjs.org/@vercel%2fnext 317ms (cache miss)
146 silly packumentCache full:https://registry.npmjs.org/@vercel%2fnext set size:undefined disposed:false
147 http fetch GET 200 https://registry.npmjs.org/@vercel%2fremix-builder 263ms (cache miss)
148 silly packumentCache full:https://registry.npmjs.org/@vercel%2fremix-builder set size:undefined disposed:false
149 http fetch GET 200 https://registry.npmjs.org/@vercel%2fredwood 318ms (cache miss)
150 silly packumentCache full:https://registry.npmjs.org/@vercel%2fredwood set size:undefined disposed:false
151 http fetch GET 200 https://registry.npmjs.org/@vercel%2frust 268ms (cache miss)
152 silly packumentCache full:https://registry.npmjs.org/@vercel%2frust set size:undefined disposed:false
153 silly placeDep ROOT @vercel/backends@0.8.2 OK for: vercel@54.6.0 want: 0.8.2
154 silly placeDep ROOT @vercel/blob@2.4.0 OK for: vercel@54.6.0 want: 2.4.0
155 silly placeDep ROOT @vercel/build-utils@13.26.4 OK for: vercel@54.6.0 want: 13.26.4
156 silly placeDep ROOT @vercel/cli-config@0.1.2 OK for: vercel@54.6.0 want: 0.1.2
157 silly placeDep ROOT @vercel/detect-agent@1.2.3 OK for: vercel@54.6.0 want: 1.2.3
158 silly placeDep ROOT @vercel/elysia@0.1.83 OK for: vercel@54.6.0 want: 0.1.83
159 silly placeDep ROOT @vercel/express@0.1.93 OK for: vercel@54.6.0 want: 0.1.93
160 silly placeDep ROOT @vercel/fastify@0.1.86 OK for: vercel@54.6.0 want: 0.1.86
161 silly placeDep ROOT @vercel/fun@1.3.0 OK for: vercel@54.6.0 want: 1.3.0
162 silly placeDep ROOT @vercel/go@3.8.0 OK for: vercel@54.6.0 want: 3.8.0
163 silly placeDep ROOT @vercel/h3@0.1.92 OK for: vercel@54.6.0 want: 0.1.92
164 silly placeDep ROOT @vercel/hono@0.2.86 OK for: vercel@54.6.0 want: 0.2.86
165 silly placeDep ROOT @vercel/hydrogen@1.3.8 OK for: vercel@54.6.0 want: 1.3.8
166 silly placeDep ROOT @vercel/koa@0.1.66 OK for: vercel@54.6.0 want: 0.1.66
167 silly placeDep ROOT @vercel/nestjs@0.2.87 OK for: vercel@54.6.0 want: 0.2.87
168 silly placeDep ROOT @vercel/next@4.17.4 OK for: vercel@54.6.0 want: 4.17.4
169 silly placeDep ROOT @vercel/node@5.8.7 OK for: vercel@54.6.0 want: 5.8.7
170 silly placeDep ROOT @vercel/prepare-flags-definitions@0.2.1 OK for: vercel@54.6.0 want: 0.2.1
171 silly placeDep ROOT @vercel/python@6.43.3 OK for: vercel@54.6.0 want: 6.43.3
172 silly placeDep ROOT @vercel/redwood@2.4.14 OK for: vercel@54.6.0 want: 2.4.14
173 silly placeDep ROOT @vercel/remix-builder@5.8.3 OK for: vercel@54.6.0 want: 5.8.3
174 silly placeDep ROOT @vercel/ruby@2.4.0 OK for: vercel@54.6.0 want: 2.4.0
175 silly placeDep ROOT @vercel/rust@1.3.0 OK for: vercel@54.6.0 want: 1.3.0
176 silly placeDep ROOT @vercel/static-build@2.9.33 OK for: vercel@54.6.0 want: 2.9.33
177 silly placeDep ROOT chokidar@4.0.0 OK for: vercel@54.6.0 want: 4.0.0
178 silly placeDep ROOT esbuild@0.27.0 OK for: vercel@54.6.0 want: 0.27.0
179 silly placeDep ROOT form-data@4.0.5 OK for: vercel@54.6.0 want: ^4.0.0
180 silly placeDep ROOT jose@5.9.6 OK for: vercel@54.6.0 want: 5.9.6
181 silly placeDep ROOT luxon@3.7.2 OK for: vercel@54.6.0 want: ^3.4.0
182 silly placeDep ROOT proxy-agent@6.4.0 OK for: vercel@54.6.0 want: 6.4.0
183 silly placeDep ROOT sandbox@2.5.6 OK for: vercel@54.6.0 want: 2.5.6
184 silly placeDep ROOT smol-toml@1.5.2 OK for: vercel@54.6.0 want: 1.5.2
185 silly placeDep node_modules/vercel zod@4.1.11 OK for: vercel@54.6.0 want: 4.1.11
186 silly fetch manifest @vercel/nft@1.5.0
187 silly packumentCache full:https://registry.npmjs.org/@vercel%2fnft cache-miss
188 silly fetch manifest execa@3.2.0
189 silly packumentCache full:https://registry.npmjs.org/execa cache-miss
190 silly fetch manifest fs-extra@11.1.0
191 silly packumentCache full:https://registry.npmjs.org/fs-extra cache-miss
192 silly fetch manifest get-port@5.1.1
193 silly packumentCache full:https://registry.npmjs.org/get-port cache-miss
194 silly fetch manifest oxc-transform@0.111.0
195 silly packumentCache full:https://registry.npmjs.org/oxc-transform cache-miss
196 silly fetch manifest path-to-regexp@8.3.0
197 silly packumentCache full:https://registry.npmjs.org/path-to-regexp cache-miss
198 silly fetch manifest resolve.exports@2.0.3
199 silly packumentCache full:https://registry.npmjs.org/resolve.exports cache-miss
200 silly fetch manifest rolldown@1.0.0-rc.1
201 silly packumentCache full:https://registry.npmjs.org/rolldown cache-miss
202 silly fetch manifest srvx@0.8.9
203 silly packumentCache full:https://registry.npmjs.org/srvx cache-miss
204 http fetch GET 200 https://registry.npmjs.org/get-port 40ms (cache miss)
205 silly packumentCache full:https://registry.npmjs.org/get-port set size:undefined disposed:false
206 silly fetch manifest tsx@4.21.0
207 silly packumentCache full:https://registry.npmjs.org/tsx cache-miss
208 http fetch GET 200 https://registry.npmjs.org/srvx 41ms (cache miss)
209 silly packumentCache full:https://registry.npmjs.org/srvx set size:undefined disposed:false
210 silly fetch manifest zod@3.22.4
211 silly packumentCache full:https://registry.npmjs.org/zod cache-miss
212 http fetch GET 200 https://registry.npmjs.org/resolve.exports 43ms (cache miss)
213 silly packumentCache full:https://registry.npmjs.org/resolve.exports set size:undefined disposed:false
214 silly fetch manifest async-retry@^1.3.3
215 silly packumentCache full:https://registry.npmjs.org/async-retry cache-miss
216 http fetch GET 200 https://registry.npmjs.org/execa 44ms (cache miss)
217 silly packumentCache full:https://registry.npmjs.org/execa set size:undefined disposed:false
218 silly fetch manifest is-buffer@^2.0.5
219 silly packumentCache full:https://registry.npmjs.org/is-buffer cache-miss
220 http fetch GET 200 https://registry.npmjs.org/fs-extra 45ms (cache miss)
221 silly packumentCache full:https://registry.npmjs.org/fs-extra set size:undefined disposed:false
222 silly fetch manifest is-node-process@^1.2.0
223 silly packumentCache full:https://registry.npmjs.org/is-node-process cache-miss
224 http fetch GET 200 https://registry.npmjs.org/path-to-regexp 49ms (cache miss)
225 silly packumentCache full:https://registry.npmjs.org/path-to-regexp set size:undefined disposed:false
226 silly fetch manifest throttleit@^2.1.0
227 silly packumentCache full:https://registry.npmjs.org/throttleit cache-miss
228 http cache https://registry.npmjs.org/zod 10ms (cache hit)
229 silly packumentCache full:https://registry.npmjs.org/zod set size:3552562 disposed:false
230 silly fetch manifest undici@^6.23.0
231 silly packumentCache full:https://registry.npmjs.org/undici cache-miss
232 http fetch GET 200 https://registry.npmjs.org/oxc-transform 62ms (cache miss)
233 silly packumentCache full:https://registry.npmjs.org/oxc-transform set size:undefined disposed:false
234 silly fetch manifest cjs-module-lexer@1.2.3
235 silly packumentCache full:https://registry.npmjs.org/cjs-module-lexer cache-miss
236 http fetch GET 200 https://registry.npmjs.org/@vercel%2fnft 69ms (cache miss)
237 silly packumentCache full:https://registry.npmjs.org/@vercel%2fnft set size:undefined disposed:false
238 silly fetch manifest es-module-lexer@1.5.0
239 silly packumentCache full:https://registry.npmjs.org/es-module-lexer cache-miss
240 http fetch GET 200 https://registry.npmjs.org/async-retry 31ms (cache miss)
241 silly packumentCache full:https://registry.npmjs.org/async-retry set size:undefined disposed:false
242 silly fetch manifest @vercel/python-analysis@0.11.1
243 silly packumentCache full:https://registry.npmjs.org/@vercel%2fpython-analysis cache-miss
244 http fetch GET 200 https://registry.npmjs.org/tsx 35ms (cache miss)
245 silly packumentCache full:https://registry.npmjs.org/tsx set size:undefined disposed:false
246 silly fetch manifest xdg-app-paths@5
247 silly packumentCache full:https://registry.npmjs.org/xdg-app-paths cache-miss
248 http fetch GET 200 https://registry.npmjs.org/is-buffer 33ms (cache miss)
249 silly packumentCache full:https://registry.npmjs.org/is-buffer set size:undefined disposed:false
250 silly fetch manifest @vercel/static-config@3.4.0
251 silly packumentCache full:https://registry.npmjs.org/@vercel%2fstatic-config cache-miss
252 http fetch GET 200 https://registry.npmjs.org/is-node-process 36ms (cache miss)
253 silly packumentCache full:https://registry.npmjs.org/is-node-process set size:undefined disposed:false
254 silly fetch manifest ts-morph@12.0.0
255 silly packumentCache full:https://registry.npmjs.org/ts-morph cache-miss
256 http fetch GET 200 https://registry.npmjs.org/rolldown 93ms (cache miss)
257 silly packumentCache full:https://registry.npmjs.org/rolldown set size:undefined disposed:false
258 silly fetch manifest @vercel/static-config@3.4.0
259 silly packumentCache full:https://registry.npmjs.org/@vercel%2fstatic-config cache-miss
260 http fetch GET 200 https://registry.npmjs.org/es-module-lexer 35ms (cache miss)
261 silly packumentCache full:https://registry.npmjs.org/es-module-lexer set size:undefined disposed:false
262 silly fetch manifest @vercel/cervel@0.1.10
263 silly packumentCache full:https://registry.npmjs.org/@vercel%2fcervel cache-miss
264 http fetch GET 200 https://registry.npmjs.org/xdg-app-paths 56ms (cache miss)
265 silly packumentCache full:https://registry.npmjs.org/xdg-app-paths set size:undefined disposed:false
266 silly fetch manifest @vercel/static-config@3.4.0
267 silly packumentCache full:https://registry.npmjs.org/@vercel%2fstatic-config cache-miss
268 http fetch GET 200 https://registry.npmjs.org/undici 81ms (cache miss)
269 silly packumentCache full:https://registry.npmjs.org/undici set size:undefined disposed:false
270 silly fetch manifest ms@2.1.1
271 silly packumentCache full:https://registry.npmjs.org/ms cache-miss
272 http fetch GET 200 https://registry.npmjs.org/@vercel%2fcervel 47ms (cache miss)
273 silly packumentCache full:https://registry.npmjs.org/@vercel%2fcervel set size:undefined disposed:false
274 silly fetch manifest tar@7.5.7
275 silly packumentCache full:https://registry.npmjs.org/tar cache-miss
276 http fetch GET 200 https://registry.npmjs.org/ms 39ms (cache miss)
277 silly packumentCache full:https://registry.npmjs.org/ms set size:undefined disposed:false
278 silly fetch manifest debug@4.3.4
279 silly packumentCache full:https://registry.npmjs.org/debug cache-miss
280 http fetch GET 200 https://registry.npmjs.org/tar 41ms (cache miss)
281 silly packumentCache full:https://registry.npmjs.org/tar set size:undefined disposed:false
282 silly fetch manifest micro@9.3.5-canary.3
283 silly packumentCache full:https://registry.npmjs.org/micro cache-miss
284 http fetch GET 200 https://registry.npmjs.org/debug 39ms (cache miss)
285 silly packumentCache full:https://registry.npmjs.org/debug set size:undefined disposed:false
286 silly fetch manifest semver@7.5.4
287 silly packumentCache full:https://registry.npmjs.org/semver cache-miss
288 http fetch GET 200 https://registry.npmjs.org/micro 34ms (cache miss)
289 silly packumentCache full:https://registry.npmjs.org/micro set size:undefined disposed:false
290 silly fetch manifest tinyexec@0.3.2
291 silly packumentCache full:https://registry.npmjs.org/tinyexec cache-miss
292 http fetch GET 200 https://registry.npmjs.org/tinyexec 31ms (cache miss)
293 silly packumentCache full:https://registry.npmjs.org/tinyexec set size:undefined disposed:false
294 silly fetch manifest stat-mode@0.3.0
295 silly packumentCache full:https://registry.npmjs.org/stat-mode cache-miss
296 http fetch GET 200 https://registry.npmjs.org/semver 43ms (cache miss)
297 silly packumentCache full:https://registry.npmjs.org/semver set size:undefined disposed:false
298 silly fetch manifest tree-kill@1.2.2
299 silly packumentCache full:https://registry.npmjs.org/tree-kill cache-miss
300 http fetch GET 200 https://registry.npmjs.org/stat-mode 29ms (cache miss)
301 silly packumentCache full:https://registry.npmjs.org/stat-mode set size:undefined disposed:false
302 silly fetch manifest node-fetch@2.6.7
303 silly packumentCache full:https://registry.npmjs.org/node-fetch cache-miss
304 http fetch GET 200 https://registry.npmjs.org/tree-kill 34ms (cache miss)
305 silly packumentCache full:https://registry.npmjs.org/tree-kill set size:undefined disposed:false
306 silly fetch manifest promisepipe@3.0.0
307 silly packumentCache full:https://registry.npmjs.org/promisepipe cache-miss
308 http fetch GET 200 https://registry.npmjs.org/throttleit 260ms (cache miss)
309 silly packumentCache full:https://registry.npmjs.org/throttleit set size:undefined disposed:false
310 silly fetch manifest uid-promise@1.0.0
311 silly packumentCache full:https://registry.npmjs.org/uid-promise cache-miss
312 http fetch GET 200 https://registry.npmjs.org/cjs-module-lexer 256ms (cache miss)
313 silly packumentCache full:https://registry.npmjs.org/cjs-module-lexer set size:undefined disposed:false
314 silly fetch manifest async-listen@1.2.0
315 silly packumentCache full:https://registry.npmjs.org/async-listen cache-miss
316 http fetch GET 200 https://registry.npmjs.org/promisepipe 36ms (cache miss)
317 silly packumentCache full:https://registry.npmjs.org/promisepipe set size:undefined disposed:false
318 silly fetch manifest generic-pool@3.4.2
319 silly packumentCache full:https://registry.npmjs.org/generic-pool cache-miss
320 http fetch GET 200 https://registry.npmjs.org/uid-promise 32ms (cache miss)
321 silly packumentCache full:https://registry.npmjs.org/uid-promise set size:undefined disposed:false
322 silly fetch manifest xdg-app-paths@5.1.0
323 silly packumentCache full:https://registry.npmjs.org/xdg-app-paths cache-miss
324 http cache https://registry.npmjs.org/xdg-app-paths 2ms (cache hit)
325 silly packumentCache full:https://registry.npmjs.org/xdg-app-paths set size:295911 disposed:false
326 silly fetch manifest yauzl-promise@2.1.3
327 silly packumentCache full:https://registry.npmjs.org/yauzl-promise cache-miss
328 http fetch GET 200 https://registry.npmjs.org/node-fetch 55ms (cache miss)
329 silly packumentCache full:https://registry.npmjs.org/node-fetch set size:undefined disposed:false
330 silly fetch manifest path-to-regexp@8.2.0
331 silly packumentCache full:https://registry.npmjs.org/path-to-regexp cache-miss
332 http fetch GET 200 https://registry.npmjs.org/@vercel%2fstatic-config 273ms (cache miss)
333 silly packumentCache full:https://registry.npmjs.org/@vercel%2fstatic-config set size:undefined disposed:false
334 silly fetch manifest @tootallnate/once@2.0.0
335 silly packumentCache full:https://registry.npmjs.org/@tootallnate%2fonce cache-miss
336 http fetch GET 200 https://registry.npmjs.org/@vercel%2fstatic-config 219ms (cache miss)
337 silly packumentCache full:https://registry.npmjs.org/@vercel%2fstatic-config set size:undefined disposed:false
338 silly fetch manifest stream-to-promise@2.2.0
339 silly packumentCache full:https://registry.npmjs.org/stream-to-promise cache-miss
340 http cache https://registry.npmjs.org/path-to-regexp 4ms (cache hit)
341 silly packumentCache full:https://registry.npmjs.org/path-to-regexp set size:216334 disposed:false
342 silly fetch manifest ts-morph@12.0.0
343 silly packumentCache full:https://registry.npmjs.org/ts-morph cache-miss
344 http fetch GET 200 https://registry.npmjs.org/@vercel%2fstatic-config 260ms (cache miss)
345 silly packumentCache full:https://registry.npmjs.org/@vercel%2fstatic-config set size:undefined disposed:false
346 silly fetch manifest ts-morph@12.0.0
347 silly packumentCache full:https://registry.npmjs.org/ts-morph cache-miss
348 http fetch GET 200 https://registry.npmjs.org/@vercel%2fpython-analysis 287ms (cache miss)
349 silly packumentCache full:https://registry.npmjs.org/@vercel%2fpython-analysis set size:undefined disposed:false
350 silly fetch manifest @edge-runtime/node-utils@2.3.0
351 silly packumentCache full:https://registry.npmjs.org/@edge-runtime%2fnode-utils cache-miss
352 http fetch GET 200 https://registry.npmjs.org/async-listen 43ms (cache miss)
353 silly packumentCache full:https://registry.npmjs.org/async-listen set size:undefined disposed:false
354 silly fetch manifest @edge-runtime/primitives@4.1.0
355 silly packumentCache full:https://registry.npmjs.org/@edge-runtime%2fprimitives cache-miss
356 http fetch GET 200 https://registry.npmjs.org/ts-morph 288ms (cache miss)
357 silly packumentCache full:https://registry.npmjs.org/ts-morph set size:undefined disposed:false
358 silly fetch manifest @edge-runtime/vm@3.2.0
359 silly packumentCache full:https://registry.npmjs.org/@edge-runtime%2fvm cache-miss
360 http fetch GET 200 https://registry.npmjs.org/yauzl-promise 31ms (cache miss)
361 silly packumentCache full:https://registry.npmjs.org/yauzl-promise set size:undefined disposed:false
362 silly fetch manifest @types/node@20.11.0
363 silly packumentCache full:https://registry.npmjs.org/@types%2fnode cache-miss
364 http fetch GET 200 https://registry.npmjs.org/generic-pool 40ms (cache miss)
365 silly packumentCache full:https://registry.npmjs.org/generic-pool set size:undefined disposed:false
366 silly fetch manifest async-listen@3.0.0
367 silly packumentCache full:https://registry.npmjs.org/async-listen cache-miss
368 http cache https://registry.npmjs.org/async-listen 1ms (cache hit)
369 silly packumentCache full:https://registry.npmjs.org/async-listen set size:27933 disposed:false
370 silly fetch manifest edge-runtime@2.5.9
371 silly packumentCache full:https://registry.npmjs.org/edge-runtime cache-miss
372 http fetch GET 200 https://registry.npmjs.org/stream-to-promise 29ms (cache miss)
373 silly packumentCache full:https://registry.npmjs.org/stream-to-promise set size:undefined disposed:false
374 silly fetch manifest es-module-lexer@1.4.1
375 silly packumentCache full:https://registry.npmjs.org/es-module-lexer cache-miss
376 http cache https://registry.npmjs.org/es-module-lexer 1ms (cache hit)
377 silly packumentCache full:https://registry.npmjs.org/es-module-lexer set size:205389 disposed:false
378 silly fetch manifest etag@1.8.1
379 silly packumentCache full:https://registry.npmjs.org/etag cache-miss
380 http fetch GET 200 https://registry.npmjs.org/@tootallnate%2fonce 42ms (cache miss)
381 silly packumentCache full:https://registry.npmjs.org/@tootallnate%2fonce set size:undefined disposed:false
382 silly fetch manifest mime-types@2.1.35
383 silly packumentCache full:https://registry.npmjs.org/mime-types cache-miss
384 http fetch GET 200 https://registry.npmjs.org/ts-morph 49ms (cache miss)
385 silly packumentCache full:https://registry.npmjs.org/ts-morph set size:undefined disposed:false
386 silly fetch manifest node-fetch@2.6.9
387 silly packumentCache full:https://registry.npmjs.org/node-fetch cache-miss
388 http fetch GET 200 https://registry.npmjs.org/ts-morph 48ms (cache miss)
389 silly packumentCache full:https://registry.npmjs.org/ts-morph set size:undefined disposed:false
390 silly fetch manifest path-to-regexp-updated@npm:path-to-regexp@6.3.0
391 silly packumentCache full:https://registry.npmjs.org/path-to-regexp cache-hit
392 silly fetch manifest path-to-regexp@6.1.0
393 silly packumentCache full:https://registry.npmjs.org/path-to-regexp cache-hit
394 silly fetch manifest typescript@npm:typescript@5.9.3
395 silly packumentCache full:https://registry.npmjs.org/typescript cache-miss
396 http cache https://registry.npmjs.org/node-fetch 3ms (cache hit)
397 silly packumentCache full:https://registry.npmjs.org/node-fetch set size:896010 disposed:false
398 silly fetch manifest undici@5.28.4
399 silly packumentCache full:https://registry.npmjs.org/undici cache-miss
400 http fetch GET 200 https://registry.npmjs.org/etag 30ms (cache miss)
401 silly packumentCache full:https://registry.npmjs.org/etag set size:undefined disposed:false
402 silly fetch manifest @vercel/error-utils@2.1.0
403 silly packumentCache full:https://registry.npmjs.org/@vercel%2ferror-utils cache-miss
404 http cache https://registry.npmjs.org/undici 2ms (cache hit)
405 silly packumentCache full:https://registry.npmjs.org/undici set size:1396737 disposed:false
406 silly fetch manifest @vercel/error-utils@2.1.0
407 silly packumentCache full:https://registry.npmjs.org/@vercel%2ferror-utils cache-miss
408 http fetch GET 200 https://registry.npmjs.org/edge-runtime 42ms (cache miss)
409 silly packumentCache full:https://registry.npmjs.org/edge-runtime set size:undefined disposed:false
410 silly fetch manifest execa@5
411 silly packumentCache full:https://registry.npmjs.org/execa cache-miss
412 http cache https://registry.npmjs.org/execa 1ms (cache hit)
413 silly packumentCache full:https://registry.npmjs.org/execa set size:181234 disposed:false
414 silly fetch manifest @vercel/gatsby-plugin-vercel-analytics@1.0.11
415 silly packumentCache full:https://registry.npmjs.org/@vercel%2fgatsby-plugin-vercel-analytics cache-miss
416 http fetch GET 200 https://registry.npmjs.org/mime-types 34ms (cache miss)
417 silly packumentCache full:https://registry.npmjs.org/mime-types set size:undefined disposed:false
418 silly fetch manifest @vercel/gatsby-plugin-vercel-builder@2.2.10
419 silly packumentCache full:https://registry.npmjs.org/@vercel%2fgatsby-plugin-vercel-builder cache-miss
420 http fetch GET 200 https://registry.npmjs.org/@vercel%2ferror-utils 40ms (cache miss)
421 silly packumentCache full:https://registry.npmjs.org/@vercel%2ferror-utils set size:undefined disposed:false
422 silly fetch manifest readdirp@^4.0.1
423 silly packumentCache full:https://registry.npmjs.org/readdirp cache-miss
424 http fetch GET 200 https://registry.npmjs.org/@vercel%2ferror-utils 61ms (cache miss)
425 silly packumentCache full:https://registry.npmjs.org/@vercel%2ferror-utils set size:undefined disposed:false
426 silly fetch manifest @esbuild/aix-ppc64@0.27.0
427 silly packumentCache full:https://registry.npmjs.org/@esbuild%2faix-ppc64 cache-miss
428 http fetch GET 200 https://registry.npmjs.org/@vercel%2fgatsby-plugin-vercel-analytics 49ms (cache miss)
429 silly packumentCache full:https://registry.npmjs.org/@vercel%2fgatsby-plugin-vercel-analytics set size:undefined disposed:false
430 silly fetch manifest @esbuild/linux-arm@0.27.0
431 silly packumentCache full:https://registry.npmjs.org/@esbuild%2flinux-arm cache-miss
432 http fetch GET 200 https://registry.npmjs.org/@vercel%2fgatsby-plugin-vercel-builder 53ms (cache miss)
433 silly packumentCache full:https://registry.npmjs.org/@vercel%2fgatsby-plugin-vercel-builder set size:undefined disposed:false
434 silly fetch manifest @esbuild/linux-x64@0.27.0
435 silly packumentCache full:https://registry.npmjs.org/@esbuild%2flinux-x64 cache-miss
436 http fetch GET 200 https://registry.npmjs.org/readdirp 39ms (cache miss)
437 silly packumentCache full:https://registry.npmjs.org/readdirp set size:undefined disposed:false
438 silly fetch manifest @esbuild/sunos-x64@0.27.0
439 silly packumentCache full:https://registry.npmjs.org/@esbuild%2fsunos-x64 cache-miss
440 http fetch GET 200 https://registry.npmjs.org/@esbuild%2flinux-x64 48ms (cache miss)
441 silly packumentCache full:https://registry.npmjs.org/@esbuild%2flinux-x64 set size:undefined disposed:false
442 silly fetch manifest @esbuild/win32-x64@0.27.0
443 silly packumentCache full:https://registry.npmjs.org/@esbuild%2fwin32-x64 cache-miss
444 http fetch GET 200 https://registry.npmjs.org/@esbuild%2flinux-arm 60ms (cache miss)
445 silly packumentCache full:https://registry.npmjs.org/@esbuild%2flinux-arm set size:undefined disposed:false
446 silly fetch manifest @esbuild/darwin-x64@0.27.0
447 silly packumentCache full:https://registry.npmjs.org/@esbuild%2fdarwin-x64 cache-miss
448 http fetch GET 200 https://registry.npmjs.org/@esbuild%2faix-ppc64 63ms (cache miss)
449 silly packumentCache full:https://registry.npmjs.org/@esbuild%2faix-ppc64 set size:undefined disposed:false
450 silly fetch manifest @esbuild/linux-ia32@0.27.0
451 silly packumentCache full:https://registry.npmjs.org/@esbuild%2flinux-ia32 cache-miss
452 http fetch GET 200 https://registry.npmjs.org/@esbuild%2fsunos-x64 62ms (cache miss)
453 silly packumentCache full:https://registry.npmjs.org/@esbuild%2fsunos-x64 set size:undefined disposed:false
454 silly fetch manifest @esbuild/netbsd-x64@0.27.0
455 silly packumentCache full:https://registry.npmjs.org/@esbuild%2fnetbsd-x64 cache-miss
456 http fetch GET 200 https://registry.npmjs.org/@types%2fnode 190ms (cache miss)
457 silly packumentCache full:https://registry.npmjs.org/@types%2fnode set size:undefined disposed:false
458 silly fetch manifest @esbuild/win32-ia32@0.27.0
459 silly packumentCache full:https://registry.npmjs.org/@esbuild%2fwin32-ia32 cache-miss
460 http fetch GET 200 https://registry.npmjs.org/@edge-runtime%2fnode-utils 247ms (cache miss)
461 silly packumentCache full:https://registry.npmjs.org/@edge-runtime%2fnode-utils set size:undefined disposed:false
462 silly fetch manifest @esbuild/android-arm@0.27.0
463 silly packumentCache full:https://registry.npmjs.org/@esbuild%2fandroid-arm cache-miss
464 http fetch GET 200 https://registry.npmjs.org/@esbuild%2fdarwin-x64 75ms (cache miss)
465 silly packumentCache full:https://registry.npmjs.org/@esbuild%2fdarwin-x64 set size:undefined disposed:false
466 silly fetch manifest @esbuild/android-x64@0.27.0
467 silly packumentCache full:https://registry.npmjs.org/@esbuild%2fandroid-x64 cache-miss
468 http fetch GET 200 https://registry.npmjs.org/@esbuild%2fwin32-x64 80ms (cache miss)
469 silly packumentCache full:https://registry.npmjs.org/@esbuild%2fwin32-x64 set size:undefined disposed:false
470 silly fetch manifest @esbuild/freebsd-x64@0.27.0
471 silly packumentCache full:https://registry.npmjs.org/@esbuild%2ffreebsd-x64 cache-miss
472 http fetch GET 200 https://registry.npmjs.org/@esbuild%2fnetbsd-x64 53ms (cache miss)
473 silly packumentCache full:https://registry.npmjs.org/@esbuild%2fnetbsd-x64 set size:undefined disposed:false
474 silly fetch manifest @esbuild/linux-arm64@0.27.0
475 silly packumentCache full:https://registry.npmjs.org/@esbuild%2flinux-arm64 cache-miss
476 http fetch GET 200 https://registry.npmjs.org/@esbuild%2fwin32-ia32 47ms (cache miss)
477 silly packumentCache full:https://registry.npmjs.org/@esbuild%2fwin32-ia32 set size:undefined disposed:false
478 silly fetch manifest @esbuild/linux-ppc64@0.27.0
479 silly packumentCache full:https://registry.npmjs.org/@esbuild%2flinux-ppc64 cache-miss
480 http fetch GET 200 https://registry.npmjs.org/@edge-runtime%2fprimitives 292ms (cache miss)
481 silly packumentCache full:https://registry.npmjs.org/@edge-runtime%2fprimitives set size:undefined disposed:false
482 silly fetch manifest @esbuild/linux-s390x@0.27.0
483 silly packumentCache full:https://registry.npmjs.org/@esbuild%2flinux-s390x cache-miss
484 http fetch GET 200 https://registry.npmjs.org/@esbuild%2fandroid-arm 47ms (cache miss)
485 silly packumentCache full:https://registry.npmjs.org/@esbuild%2fandroid-arm set size:undefined disposed:false
486 silly fetch manifest @esbuild/openbsd-x64@0.27.0
487 silly packumentCache full:https://registry.npmjs.org/@esbuild%2fopenbsd-x64 cache-miss
488 http fetch GET 200 https://registry.npmjs.org/@esbuild%2flinux-arm64 45ms (cache miss)
489 silly packumentCache full:https://registry.npmjs.org/@esbuild%2flinux-arm64 set size:undefined disposed:false
490 silly fetch manifest @esbuild/win32-arm64@0.27.0
491 silly packumentCache full:https://registry.npmjs.org/@esbuild%2fwin32-arm64 cache-miss
492 http fetch GET 200 https://registry.npmjs.org/@esbuild%2fandroid-x64 51ms (cache miss)
493 silly packumentCache full:https://registry.npmjs.org/@esbuild%2fandroid-x64 set size:undefined disposed:false
494 silly fetch manifest @esbuild/darwin-arm64@0.27.0
495 silly packumentCache full:https://registry.npmjs.org/@esbuild%2fdarwin-arm64 cache-miss
496 http fetch GET 200 https://registry.npmjs.org/typescript 258ms (cache miss)
497 silly packumentCache full:https://registry.npmjs.org/typescript set size:undefined disposed:false
498 silly fetch manifest @esbuild/netbsd-arm64@0.27.0
499 silly packumentCache full:https://registry.npmjs.org/@esbuild%2fnetbsd-arm64 cache-miss
500 http fetch GET 200 https://registry.npmjs.org/@esbuild%2ffreebsd-x64 86ms (cache miss)
501 silly packumentCache full:https://registry.npmjs.org/@esbuild%2ffreebsd-x64 set size:undefined disposed:false
502 silly fetch manifest @esbuild/android-arm64@0.27.0
503 silly packumentCache full:https://registry.npmjs.org/@esbuild%2fandroid-arm64 cache-miss
504 http fetch GET 200 https://registry.npmjs.org/@esbuild%2flinux-ppc64 52ms (cache miss)
505 silly packumentCache full:https://registry.npmjs.org/@esbuild%2flinux-ppc64 set size:undefined disposed:false
506 silly fetch manifest @esbuild/freebsd-arm64@0.27.0
507 silly packumentCache full:https://registry.npmjs.org/@esbuild%2ffreebsd-arm64 cache-miss
508 http fetch GET 200 https://registry.npmjs.org/@esbuild%2fwin32-arm64 44ms (cache miss)
509 silly packumentCache full:https://registry.npmjs.org/@esbuild%2fwin32-arm64 set size:undefined disposed:false
510 silly fetch manifest @esbuild/linux-loong64@0.27.0
511 silly packumentCache full:https://registry.npmjs.org/@esbuild%2flinux-loong64 cache-miss
512 http fetch GET 200 https://registry.npmjs.org/@esbuild%2fopenbsd-x64 46ms (cache miss)
513 silly packumentCache full:https://registry.npmjs.org/@esbuild%2fopenbsd-x64 set size:undefined disposed:false
514 silly fetch manifest @esbuild/linux-riscv64@0.27.0
515 silly packumentCache full:https://registry.npmjs.org/@esbuild%2flinux-riscv64 cache-miss
516 http fetch GET 200 https://registry.npmjs.org/@esbuild%2fdarwin-arm64 46ms (cache miss)
517 silly packumentCache full:https://registry.npmjs.org/@esbuild%2fdarwin-arm64 set size:undefined disposed:false
518 silly fetch manifest @esbuild/openbsd-arm64@0.27.0
519 silly packumentCache full:https://registry.npmjs.org/@esbuild%2fopenbsd-arm64 cache-miss
520 http fetch GET 200 https://registry.npmjs.org/@esbuild%2flinux-s390x 60ms (cache miss)
521 silly packumentCache full:https://registry.npmjs.org/@esbuild%2flinux-s390x set size:undefined disposed:false
522 silly fetch manifest @esbuild/linux-mips64el@0.27.0
523 silly packumentCache full:https://registry.npmjs.org/@esbuild%2flinux-mips64el cache-miss
524 http fetch GET 200 https://registry.npmjs.org/@esbuild%2fnetbsd-arm64 39ms (cache miss)
525 silly packumentCache full:https://registry.npmjs.org/@esbuild%2fnetbsd-arm64 set size:undefined disposed:false
526 silly fetch manifest @esbuild/openharmony-arm64@0.27.0
527 silly packumentCache full:https://registry.npmjs.org/@esbuild%2fopenharmony-arm64 cache-miss
528 http fetch GET 200 https://registry.npmjs.org/@esbuild%2ffreebsd-arm64 45ms (cache miss)
529 silly packumentCache full:https://registry.npmjs.org/@esbuild%2ffreebsd-arm64 set size:undefined disposed:false
530 silly fetch manifest asynckit@^0.4.0
531 silly packumentCache full:https://registry.npmjs.org/asynckit cache-miss
532 http fetch GET 200 https://registry.npmjs.org/@esbuild%2flinux-riscv64 46ms (cache miss)
533 silly packumentCache full:https://registry.npmjs.org/@esbuild%2flinux-riscv64 set size:undefined disposed:false
534 silly fetch manifest combined-stream@^1.0.8
535 silly packumentCache full:https://registry.npmjs.org/combined-stream cache-miss
536 http fetch GET 200 https://registry.npmjs.org/@esbuild%2fandroid-arm64 53ms (cache miss)
537 silly packumentCache full:https://registry.npmjs.org/@esbuild%2fandroid-arm64 set size:undefined disposed:false
538 silly fetch manifest es-set-tostringtag@^2.1.0
539 silly packumentCache full:https://registry.npmjs.org/es-set-tostringtag cache-miss
540 http fetch GET 200 https://registry.npmjs.org/@esbuild%2flinux-loong64 59ms (cache miss)
541 silly packumentCache full:https://registry.npmjs.org/@esbuild%2flinux-loong64 set size:undefined disposed:false
542 silly fetch manifest hasown@^2.0.2
543 silly packumentCache full:https://registry.npmjs.org/hasown cache-miss
544 http fetch GET 200 https://registry.npmjs.org/@esbuild%2flinux-mips64el 53ms (cache miss)
545 silly packumentCache full:https://registry.npmjs.org/@esbuild%2flinux-mips64el set size:undefined disposed:false
546 silly fetch manifest mime-types@^2.1.12
547 silly packumentCache full:https://registry.npmjs.org/mime-types cache-miss
548 http cache https://registry.npmjs.org/mime-types 1ms (cache hit)
549 silly packumentCache full:https://registry.npmjs.org/mime-types set size:139110 disposed:false
550 silly fetch manifest lru-cache@^7.14.1
551 silly packumentCache full:https://registry.npmjs.org/lru-cache cache-miss
552 http fetch GET 200 https://registry.npmjs.org/asynckit 29ms (cache miss)
553 silly packumentCache full:https://registry.npmjs.org/asynckit set size:undefined disposed:false
554 silly fetch manifest agent-base@^7.0.2
555 silly packumentCache full:https://registry.npmjs.org/agent-base cache-miss
556 http fetch GET 200 https://registry.npmjs.org/combined-stream 29ms (cache miss)
557 silly packumentCache full:https://registry.npmjs.org/combined-stream set size:undefined disposed:false
558 silly fetch manifest proxy-from-env@^1.1.0
559 silly packumentCache full:https://registry.npmjs.org/proxy-from-env cache-miss
560 http fetch GET 200 https://registry.npmjs.org/@esbuild%2fopenharmony-arm64 45ms (cache miss)
561 silly packumentCache full:https://registry.npmjs.org/@esbuild%2fopenharmony-arm64 set size:undefined disposed:false
562 silly fetch manifest pac-proxy-agent@^7.0.1
563 silly packumentCache full:https://registry.npmjs.org/pac-proxy-agent cache-miss
564 http fetch GET 200 https://registry.npmjs.org/hasown 28ms (cache miss)
565 silly packumentCache full:https://registry.npmjs.org/hasown set size:undefined disposed:false
566 silly fetch manifest http-proxy-agent@^7.0.1
567 silly packumentCache full:https://registry.npmjs.org/http-proxy-agent cache-miss
568 http fetch GET 200 https://registry.npmjs.org/es-set-tostringtag 39ms (cache miss)
569 silly packumentCache full:https://registry.npmjs.org/es-set-tostringtag set size:undefined disposed:false
570 silly fetch manifest https-proxy-agent@^7.0.3
571 silly packumentCache full:https://registry.npmjs.org/https-proxy-agent cache-miss
572 http fetch GET 200 https://registry.npmjs.org/agent-base 30ms (cache miss)
573 silly packumentCache full:https://registry.npmjs.org/agent-base set size:undefined disposed:false
574 silly fetch manifest socks-proxy-agent@^8.0.2
575 silly packumentCache full:https://registry.npmjs.org/socks-proxy-agent cache-miss
576 http fetch GET 200 https://registry.npmjs.org/proxy-from-env 30ms (cache miss)
577 silly packumentCache full:https://registry.npmjs.org/proxy-from-env set size:undefined disposed:false
578 silly fetch manifest @vercel/sandbox@1.9.0
579 silly packumentCache full:https://registry.npmjs.org/@vercel%2fsandbox cache-miss
580 http fetch GET 200 https://registry.npmjs.org/pac-proxy-agent 33ms (cache miss)
581 silly packumentCache full:https://registry.npmjs.org/pac-proxy-agent set size:undefined disposed:false
582 http fetch GET 200 https://registry.npmjs.org/http-proxy-agent 30ms (cache miss)
583 silly packumentCache full:https://registry.npmjs.org/http-proxy-agent set size:undefined disposed:false
584 http fetch GET 200 https://registry.npmjs.org/lru-cache 51ms (cache miss)
585 silly packumentCache full:https://registry.npmjs.org/lru-cache set size:undefined disposed:false
586 http fetch GET 200 https://registry.npmjs.org/@edge-runtime%2fvm 457ms (cache miss)
587 silly packumentCache full:https://registry.npmjs.org/@edge-runtime%2fvm set size:undefined disposed:false
588 http fetch GET 200 https://registry.npmjs.org/https-proxy-agent 36ms (cache miss)
589 silly packumentCache full:https://registry.npmjs.org/https-proxy-agent set size:undefined disposed:false
590 http fetch GET 200 https://registry.npmjs.org/socks-proxy-agent 36ms (cache miss)
591 silly packumentCache full:https://registry.npmjs.org/socks-proxy-agent set size:undefined disposed:false
592 http fetch GET 200 https://registry.npmjs.org/@esbuild%2flinux-ia32 314ms (cache miss)
593 silly packumentCache full:https://registry.npmjs.org/@esbuild%2flinux-ia32 set size:undefined disposed:false
594 http fetch GET 200 https://registry.npmjs.org/@vercel%2fsandbox 45ms (cache miss)
595 silly packumentCache full:https://registry.npmjs.org/@vercel%2fsandbox set size:undefined disposed:false
596 http fetch GET 200 https://registry.npmjs.org/@esbuild%2fopenbsd-arm64 221ms (cache miss)
597 silly packumentCache full:https://registry.npmjs.org/@esbuild%2fopenbsd-arm64 set size:undefined disposed:false
598 silly placeDep ROOT @vercel/nft@1.5.0 OK for: @vercel/backends@0.8.2 want: 1.5.0
599 silly placeDep ROOT execa@3.2.0 OK for: @vercel/backends@0.8.2 want: 3.2.0
600 silly placeDep ROOT fs-extra@11.1.0 OK for: @vercel/backends@0.8.2 want: 11.1.0
601 silly placeDep ROOT get-port@5.1.1 OK for: @vercel/backends@0.8.2 want: 5.1.1
602 silly placeDep ROOT oxc-transform@0.111.0 OK for: @vercel/backends@0.8.2 want: 0.111.0
603 silly placeDep ROOT path-to-regexp@8.3.0 OK for: @vercel/backends@0.8.2 want: 8.3.0
604 silly placeDep ROOT resolve.exports@2.0.3 OK for: @vercel/backends@0.8.2 want: 2.0.3
605 silly placeDep node_modules/@vercel/backends rolldown@1.0.0-rc.1 OK for: @vercel/backends@0.8.2 want: 1.0.0-rc.1
606 silly placeDep ROOT srvx@0.8.9 OK for: @vercel/backends@0.8.2 want: 0.8.9
607 silly placeDep ROOT tsx@4.21.0 OK for: @vercel/backends@0.8.2 want: 4.21.0
608 silly placeDep node_modules/@vercel/backends zod@3.22.4 OK for: @vercel/backends@0.8.2 want: 3.22.4
609 silly fetch manifest glob@^13.0.0
610 silly packumentCache full:https://registry.npmjs.org/glob cache-miss
611 silly fetch manifest bindings@^1.4.0
612 silly packumentCache full:https://registry.npmjs.org/bindings cache-miss
613 silly fetch manifest async-sema@^3.1.1
614 silly packumentCache full:https://registry.npmjs.org/async-sema cache-miss
615 silly fetch manifest graceful-fs@^4.2.9
616 silly packumentCache full:https://registry.npmjs.org/graceful-fs cache-miss
617 silly fetch manifest resolve-from@^5.0.0
618 silly packumentCache full:https://registry.npmjs.org/resolve-from cache-miss
619 silly fetch manifest estree-walker@2.0.2
620 silly packumentCache full:https://registry.npmjs.org/estree-walker cache-miss
621 silly fetch manifest node-gyp-build@^4.2.2
622 silly packumentCache full:https://registry.npmjs.org/node-gyp-build cache-miss
623 silly fetch manifest @rollup/pluginutils@^5.1.3
624 silly packumentCache full:https://registry.npmjs.org/@rollup%2fpluginutils cache-miss
625 silly fetch manifest @mapbox/node-pre-gyp@^2.0.0
626 silly packumentCache full:https://registry.npmjs.org/@mapbox%2fnode-pre-gyp cache-miss
627 http fetch GET 200 https://registry.npmjs.org/bindings 31ms (cache miss)
628 silly packumentCache full:https://registry.npmjs.org/bindings set size:undefined disposed:false
629 silly fetch manifest acorn-import-attributes@^1.9.5
630 silly packumentCache full:https://registry.npmjs.org/acorn-import-attributes cache-miss
631 http fetch GET 200 https://registry.npmjs.org/estree-walker 34ms (cache miss)
632 silly packumentCache full:https://registry.npmjs.org/estree-walker set size:undefined disposed:false
633 silly fetch manifest onetime@^5.1.0
634 silly packumentCache full:https://registry.npmjs.org/onetime cache-miss
635 http fetch GET 200 https://registry.npmjs.org/resolve-from 35ms (cache miss)
636 silly packumentCache full:https://registry.npmjs.org/resolve-from set size:undefined disposed:false
637 silly fetch manifest is-stream@^2.0.0
638 silly packumentCache full:https://registry.npmjs.org/is-stream cache-miss
639 http fetch GET 200 https://registry.npmjs.org/async-sema 41ms (cache miss)
640 silly packumentCache full:https://registry.npmjs.org/async-sema set size:undefined disposed:false
641 silly fetch manifest p-finally@^2.0.0
642 silly packumentCache full:https://registry.npmjs.org/p-finally cache-miss
643 http fetch GET 200 https://registry.npmjs.org/graceful-fs 44ms (cache miss)
644 silly packumentCache full:https://registry.npmjs.org/graceful-fs set size:undefined disposed:false
645 silly fetch manifest get-stream@^5.0.0
646 silly packumentCache full:https://registry.npmjs.org/get-stream cache-miss
647 http fetch GET 200 https://registry.npmjs.org/node-gyp-build 46ms (cache miss)
648 silly packumentCache full:https://registry.npmjs.org/node-gyp-build set size:undefined disposed:false
649 silly fetch manifest signal-exit@^3.0.2
650 silly packumentCache full:https://registry.npmjs.org/signal-exit cache-miss
651 http fetch GET 200 https://registry.npmjs.org/@mapbox%2fnode-pre-gyp 46ms (cache miss)
652 silly packumentCache full:https://registry.npmjs.org/@mapbox%2fnode-pre-gyp set size:undefined disposed:false
653 silly fetch manifest merge-stream@^2.0.0
654 silly packumentCache full:https://registry.npmjs.org/merge-stream cache-miss
655 http fetch GET 200 https://registry.npmjs.org/@rollup%2fpluginutils 48ms (cache miss)
656 silly packumentCache full:https://registry.npmjs.org/@rollup%2fpluginutils set size:undefined disposed:false
657 silly fetch manifest npm-run-path@^4.0.0
658 silly packumentCache full:https://registry.npmjs.org/npm-run-path cache-miss
659 http fetch GET 200 https://registry.npmjs.org/glob 50ms (cache miss)
660 silly packumentCache full:https://registry.npmjs.org/glob set size:undefined disposed:false
661 silly fetch manifest human-signals@^1.1.1
662 silly packumentCache full:https://registry.npmjs.org/human-signals cache-miss
663 http fetch GET 200 https://registry.npmjs.org/acorn-import-attributes 31ms (cache miss)
664 silly packumentCache full:https://registry.npmjs.org/acorn-import-attributes set size:undefined disposed:false
665 silly fetch manifest strip-final-newline@^2.0.0
666 silly packumentCache full:https://registry.npmjs.org/strip-final-newline cache-miss
667 http fetch GET 200 https://registry.npmjs.org/onetime 39ms (cache miss)
668 silly packumentCache full:https://registry.npmjs.org/onetime set size:undefined disposed:false
669 silly fetch manifest jsonfile@^6.0.1
670 silly packumentCache full:https://registry.npmjs.org/jsonfile cache-miss
671 http fetch GET 200 https://registry.npmjs.org/is-stream 38ms (cache miss)
672 silly packumentCache full:https://registry.npmjs.org/is-stream set size:undefined disposed:false
673 silly fetch manifest graceful-fs@^4.2.0
674 silly packumentCache full:https://registry.npmjs.org/graceful-fs cache-miss
675 http fetch GET 200 https://registry.npmjs.org/merge-stream 28ms (cache miss)
676 silly packumentCache full:https://registry.npmjs.org/merge-stream set size:undefined disposed:false
677 silly fetch manifest universalify@^2.0.0
678 silly packumentCache full:https://registry.npmjs.org/universalify cache-miss
679 http cache https://registry.npmjs.org/graceful-fs 2ms (cache hit)
680 silly packumentCache full:https://registry.npmjs.org/graceful-fs set size:124285 disposed:false
681 silly fetch manifest @oxc-transform/binding-darwin-x64@0.111.0
682 silly packumentCache full:https://registry.npmjs.org/@oxc-transform%2fbinding-darwin-x64 cache-miss
683 http fetch GET 200 https://registry.npmjs.org/npm-run-path 30ms (cache miss)
684 silly packumentCache full:https://registry.npmjs.org/npm-run-path set size:undefined disposed:false
685 silly fetch manifest @oxc-transform/binding-freebsd-x64@0.111.0
686 silly packumentCache full:https://registry.npmjs.org/@oxc-transform%2fbinding-freebsd-x64 cache-miss
687 http fetch GET 200 https://registry.npmjs.org/get-stream 38ms (cache miss)
688 silly packumentCache full:https://registry.npmjs.org/get-stream set size:undefined disposed:false
689 silly fetch manifest @oxc-transform/binding-wasm32-wasi@0.111.0
690 silly packumentCache full:https://registry.npmjs.org/@oxc-transform%2fbinding-wasm32-wasi cache-miss
691 http fetch GET 200 https://registry.npmjs.org/human-signals 32ms (cache miss)
692 silly packumentCache full:https://registry.npmjs.org/human-signals set size:undefined disposed:false
693 silly fetch manifest @oxc-transform/binding-darwin-arm64@0.111.0
694 silly packumentCache full:https://registry.npmjs.org/@oxc-transform%2fbinding-darwin-arm64 cache-miss
695 http fetch GET 200 https://registry.npmjs.org/signal-exit 42ms (cache miss)
696 silly packumentCache full:https://registry.npmjs.org/signal-exit set size:undefined disposed:false
697 silly fetch manifest @oxc-transform/binding-android-arm64@0.111.0
698 silly packumentCache full:https://registry.npmjs.org/@oxc-transform%2fbinding-android-arm64 cache-miss
699 http fetch GET 200 https://registry.npmjs.org/strip-final-newline 29ms (cache miss)
700 silly packumentCache full:https://registry.npmjs.org/strip-final-newline set size:undefined disposed:false
701 silly fetch manifest @oxc-transform/binding-linux-x64-gnu@0.111.0
702 silly packumentCache full:https://registry.npmjs.org/@oxc-transform%2fbinding-linux-x64-gnu cache-miss
703 http fetch GET 200 https://registry.npmjs.org/jsonfile 29ms (cache miss)
704 silly packumentCache full:https://registry.npmjs.org/jsonfile set size:undefined disposed:false
705 silly fetch manifest @oxc-transform/binding-linux-x64-musl@0.111.0
706 silly packumentCache full:https://registry.npmjs.org/@oxc-transform%2fbinding-linux-x64-musl cache-miss
707 http fetch GET 200 https://registry.npmjs.org/universalify 34ms (cache miss)
708 silly packumentCache full:https://registry.npmjs.org/universalify set size:undefined disposed:false
709 silly fetch manifest @oxc-transform/binding-win32-x64-msvc@0.111.0
710 silly packumentCache full:https://registry.npmjs.org/@oxc-transform%2fbinding-win32-x64-msvc cache-miss
711 http fetch GET 200 https://registry.npmjs.org/@oxc-transform%2fbinding-darwin-x64 43ms (cache miss)
712 silly packumentCache full:https://registry.npmjs.org/@oxc-transform%2fbinding-darwin-x64 set size:undefined disposed:false
713 silly fetch manifest @oxc-transform/binding-linux-arm64-gnu@0.111.0
714 silly packumentCache full:https://registry.npmjs.org/@oxc-transform%2fbinding-linux-arm64-gnu cache-miss
715 http fetch GET 200 https://registry.npmjs.org/@oxc-transform%2fbinding-linux-x64-gnu 44ms (cache miss)
716 silly packumentCache full:https://registry.npmjs.org/@oxc-transform%2fbinding-linux-x64-gnu set size:undefined disposed:false
717 silly fetch manifest @oxc-transform/binding-linux-ppc64-gnu@0.111.0
718 silly packumentCache full:https://registry.npmjs.org/@oxc-transform%2fbinding-linux-ppc64-gnu cache-miss
719 http fetch GET 200 https://registry.npmjs.org/@oxc-transform%2fbinding-darwin-arm64 56ms (cache miss)
720 silly packumentCache full:https://registry.npmjs.org/@oxc-transform%2fbinding-darwin-arm64 set size:undefined disposed:false
721 silly fetch manifest @oxc-transform/binding-linux-s390x-gnu@0.111.0
722 silly packumentCache full:https://registry.npmjs.org/@oxc-transform%2fbinding-linux-s390x-gnu cache-miss
723 http fetch GET 200 https://registry.npmjs.org/@oxc-transform%2fbinding-android-arm64 52ms (cache miss)
724 silly packumentCache full:https://registry.npmjs.org/@oxc-transform%2fbinding-android-arm64 set size:undefined disposed:false
725 silly fetch manifest @oxc-transform/binding-win32-ia32-msvc@0.111.0
726 silly packumentCache full:https://registry.npmjs.org/@oxc-transform%2fbinding-win32-ia32-msvc cache-miss
727 http fetch GET 200 https://registry.npmjs.org/@oxc-transform%2fbinding-linux-x64-musl 45ms (cache miss)
728 silly packumentCache full:https://registry.npmjs.org/@oxc-transform%2fbinding-linux-x64-musl set size:undefined disposed:false
729 silly fetch manifest @oxc-transform/binding-android-arm-eabi@0.111.0
730 silly packumentCache full:https://registry.npmjs.org/@oxc-transform%2fbinding-android-arm-eabi cache-miss
731 http fetch GET 200 https://registry.npmjs.org/@oxc-transform%2fbinding-win32-x64-msvc 53ms (cache miss)
732 silly packumentCache full:https://registry.npmjs.org/@oxc-transform%2fbinding-win32-x64-msvc set size:undefined disposed:false
733 silly fetch manifest @oxc-transform/binding-linux-arm64-musl@0.111.0
734 silly packumentCache full:https://registry.npmjs.org/@oxc-transform%2fbinding-linux-arm64-musl cache-miss
735 http fetch GET 200 https://registry.npmjs.org/@oxc-transform%2fbinding-linux-arm64-gnu 45ms (cache miss)
736 silly packumentCache full:https://registry.npmjs.org/@oxc-transform%2fbinding-linux-arm64-gnu set size:undefined disposed:false
737 silly fetch manifest @oxc-transform/binding-win32-arm64-msvc@0.111.0
738 silly packumentCache full:https://registry.npmjs.org/@oxc-transform%2fbinding-win32-arm64-msvc cache-miss
739 http fetch GET 200 https://registry.npmjs.org/@oxc-transform%2fbinding-win32-ia32-msvc 52ms (cache miss)
740 silly packumentCache full:https://registry.npmjs.org/@oxc-transform%2fbinding-win32-ia32-msvc set size:undefined disposed:false
741 silly fetch manifest @oxc-transform/binding-linux-riscv64-gnu@0.111.0
742 silly packumentCache full:https://registry.npmjs.org/@oxc-transform%2fbinding-linux-riscv64-gnu cache-miss
743 http fetch GET 200 https://registry.npmjs.org/@oxc-transform%2fbinding-win32-arm64-msvc 45ms (cache miss)
744 silly packumentCache full:https://registry.npmjs.org/@oxc-transform%2fbinding-win32-arm64-msvc set size:undefined disposed:false
745 silly fetch manifest @oxc-transform/binding-openharmony-arm64@0.111.0
746 silly packumentCache full:https://registry.npmjs.org/@oxc-transform%2fbinding-openharmony-arm64 cache-miss
747 http fetch GET 200 https://registry.npmjs.org/@oxc-transform%2fbinding-linux-riscv64-gnu 52ms (cache miss)
748 silly packumentCache full:https://registry.npmjs.org/@oxc-transform%2fbinding-linux-riscv64-gnu set size:undefined disposed:false
749 silly fetch manifest @oxc-transform/binding-linux-riscv64-musl@0.111.0
750 silly packumentCache full:https://registry.npmjs.org/@oxc-transform%2fbinding-linux-riscv64-musl cache-miss
751 http fetch GET 200 https://registry.npmjs.org/@oxc-transform%2fbinding-freebsd-x64 226ms (cache miss)
752 silly packumentCache full:https://registry.npmjs.org/@oxc-transform%2fbinding-freebsd-x64 set size:undefined disposed:false
753 silly fetch manifest @oxc-transform/binding-linux-arm-gnueabihf@0.111.0
754 silly packumentCache full:https://registry.npmjs.org/@oxc-transform%2fbinding-linux-arm-gnueabihf cache-miss
755 http fetch GET 200 https://registry.npmjs.org/@oxc-transform%2fbinding-wasm32-wasi 223ms (cache miss)
756 silly packumentCache full:https://registry.npmjs.org/@oxc-transform%2fbinding-wasm32-wasi set size:undefined disposed:false
757 silly fetch manifest @oxc-transform/binding-linux-arm-musleabihf@0.111.0
758 silly packumentCache full:https://registry.npmjs.org/@oxc-transform%2fbinding-linux-arm-musleabihf cache-miss
759 http fetch GET 200 https://registry.npmjs.org/p-finally 268ms (cache miss)
760 silly packumentCache full:https://registry.npmjs.org/p-finally set size:undefined disposed:false
761 silly fetch manifest @oxc-project/types@=0.110.0
762 silly packumentCache full:https://registry.npmjs.org/@oxc-project%2ftypes cache-miss
763 http fetch GET 200 https://registry.npmjs.org/@oxc-transform%2fbinding-linux-arm-gnueabihf 50ms (cache miss)
764 silly packumentCache full:https://registry.npmjs.org/@oxc-transform%2fbinding-linux-arm-gnueabihf set size:undefined disposed:false
765 silly fetch manifest @rolldown/pluginutils@1.0.0-rc.1
766 silly packumentCache full:https://registry.npmjs.org/@rolldown%2fpluginutils cache-miss
767 http fetch GET 200 https://registry.npmjs.org/@oxc-project%2ftypes 66ms (cache miss)
768 silly packumentCache full:https://registry.npmjs.org/@oxc-project%2ftypes set size:undefined disposed:false
769 silly fetch manifest @rolldown/binding-darwin-x64@1.0.0-rc.1
770 silly packumentCache full:https://registry.npmjs.org/@rolldown%2fbinding-darwin-x64 cache-miss
771 http fetch GET 200 https://registry.npmjs.org/@rolldown%2fpluginutils 49ms (cache miss)
772 silly packumentCache full:https://registry.npmjs.org/@rolldown%2fpluginutils set size:undefined disposed:false
773 silly fetch manifest @rolldown/binding-freebsd-x64@1.0.0-rc.1
774 silly packumentCache full:https://registry.npmjs.org/@rolldown%2fbinding-freebsd-x64 cache-miss
775 http fetch GET 200 https://registry.npmjs.org/@oxc-transform%2fbinding-linux-s390x-gnu 271ms (cache miss)
776 silly packumentCache full:https://registry.npmjs.org/@oxc-transform%2fbinding-linux-s390x-gnu set size:undefined disposed:false
777 silly fetch manifest @rolldown/binding-wasm32-wasi@1.0.0-rc.1
778 silly packumentCache full:https://registry.npmjs.org/@rolldown%2fbinding-wasm32-wasi cache-miss
779 http fetch GET 200 https://registry.npmjs.org/@oxc-transform%2fbinding-linux-ppc64-gnu 276ms (cache miss)
780 silly packumentCache full:https://registry.npmjs.org/@oxc-transform%2fbinding-linux-ppc64-gnu set size:undefined disposed:false
781 silly fetch manifest @rolldown/binding-darwin-arm64@1.0.0-rc.1
782 silly packumentCache full:https://registry.npmjs.org/@rolldown%2fbinding-darwin-arm64 cache-miss
783 http fetch GET 200 https://registry.npmjs.org/@oxc-transform%2fbinding-openharmony-arm64 220ms (cache miss)
784 silly packumentCache full:https://registry.npmjs.org/@oxc-transform%2fbinding-openharmony-arm64 set size:undefined disposed:false
785 silly fetch manifest @rolldown/binding-android-arm64@1.0.0-rc.1
786 silly packumentCache full:https://registry.npmjs.org/@rolldown%2fbinding-android-arm64 cache-miss
787 http fetch GET 200 https://registry.npmjs.org/@oxc-transform%2fbinding-linux-arm64-musl 289ms (cache miss)
788 silly packumentCache full:https://registry.npmjs.org/@oxc-transform%2fbinding-linux-arm64-musl set size:undefined disposed:false
789 silly fetch manifest @rolldown/binding-linux-x64-gnu@1.0.0-rc.1
790 silly packumentCache full:https://registry.npmjs.org/@rolldown%2fbinding-linux-x64-gnu cache-miss
791 http fetch GET 200 https://registry.npmjs.org/@rolldown%2fbinding-freebsd-x64 62ms (cache miss)
792 silly packumentCache full:https://registry.npmjs.org/@rolldown%2fbinding-freebsd-x64 set size:undefined disposed:false
793 silly fetch manifest @rolldown/binding-linux-x64-musl@1.0.0-rc.1
794 silly packumentCache full:https://registry.npmjs.org/@rolldown%2fbinding-linux-x64-musl cache-miss
795 http fetch GET 200 https://registry.npmjs.org/@oxc-transform%2fbinding-linux-riscv64-musl 228ms (cache miss)
796 silly packumentCache full:https://registry.npmjs.org/@oxc-transform%2fbinding-linux-riscv64-musl set size:undefined disposed:false
797 silly fetch manifest @rolldown/binding-win32-x64-msvc@1.0.0-rc.1
798 silly packumentCache full:https://registry.npmjs.org/@rolldown%2fbinding-win32-x64-msvc cache-miss
799 http fetch GET 200 https://registry.npmjs.org/@rolldown%2fbinding-wasm32-wasi 82ms (cache miss)
800 silly packumentCache full:https://registry.npmjs.org/@rolldown%2fbinding-wasm32-wasi set size:undefined disposed:false
801 silly fetch manifest @rolldown/binding-linux-arm64-gnu@1.0.0-rc.1
802 silly packumentCache full:https://registry.npmjs.org/@rolldown%2fbinding-linux-arm64-gnu cache-miss
803 http fetch GET 200 https://registry.npmjs.org/@oxc-transform%2fbinding-linux-arm-musleabihf 226ms (cache miss)
804 silly packumentCache full:https://registry.npmjs.org/@oxc-transform%2fbinding-linux-arm-musleabihf set size:undefined disposed:false
805 silly fetch manifest @rolldown/binding-linux-arm64-musl@1.0.0-rc.1
806 silly packumentCache full:https://registry.npmjs.org/@rolldown%2fbinding-linux-arm64-musl cache-miss
807 http fetch GET 200 https://registry.npmjs.org/@rolldown%2fbinding-linux-x64-gnu 87ms (cache miss)
808 silly packumentCache full:https://registry.npmjs.org/@rolldown%2fbinding-linux-x64-gnu set size:undefined disposed:false
809 silly fetch manifest @rolldown/binding-win32-arm64-msvc@1.0.0-rc.1
810 silly packumentCache full:https://registry.npmjs.org/@rolldown%2fbinding-win32-arm64-msvc cache-miss
811 http fetch GET 200 https://registry.npmjs.org/@rolldown%2fbinding-linux-x64-musl 76ms (cache miss)
812 silly packumentCache full:https://registry.npmjs.org/@rolldown%2fbinding-linux-x64-musl set size:undefined disposed:false
813 silly fetch manifest @rolldown/binding-openharmony-arm64@1.0.0-rc.1
814 silly packumentCache full:https://registry.npmjs.org/@rolldown%2fbinding-openharmony-arm64 cache-miss
815 http fetch GET 200 https://registry.npmjs.org/@rolldown%2fbinding-win32-x64-msvc 87ms (cache miss)
816 silly packumentCache full:https://registry.npmjs.org/@rolldown%2fbinding-win32-x64-msvc set size:undefined disposed:false
817 silly fetch manifest @rolldown/binding-linux-arm-gnueabihf@1.0.0-rc.1
818 silly packumentCache full:https://registry.npmjs.org/@rolldown%2fbinding-linux-arm-gnueabihf cache-miss
819 http fetch GET 200 https://registry.npmjs.org/@oxc-transform%2fbinding-android-arm-eabi 426ms (cache miss)
820 silly packumentCache full:https://registry.npmjs.org/@oxc-transform%2fbinding-android-arm-eabi set size:undefined disposed:false
821 silly fetch manifest cookie-es@^2.0.0
822 silly packumentCache full:https://registry.npmjs.org/cookie-es cache-miss
823 http fetch GET 200 https://registry.npmjs.org/@rolldown%2fbinding-linux-arm64-gnu 92ms (cache miss)
824 silly packumentCache full:https://registry.npmjs.org/@rolldown%2fbinding-linux-arm64-gnu set size:undefined disposed:false
825 silly fetch manifest get-tsconfig@^4.7.5
826 silly packumentCache full:https://registry.npmjs.org/get-tsconfig cache-miss
827 http fetch GET 200 https://registry.npmjs.org/@rolldown%2fbinding-linux-arm64-musl 72ms (cache miss)
828 silly packumentCache full:https://registry.npmjs.org/@rolldown%2fbinding-linux-arm64-musl set size:undefined disposed:false
829 http fetch GET 200 https://registry.npmjs.org/cookie-es 33ms (cache miss)
830 silly packumentCache full:https://registry.npmjs.org/cookie-es set size:undefined disposed:false
831 http fetch GET 200 https://registry.npmjs.org/@rolldown%2fbinding-android-arm64 195ms (cache miss)
832 silly packumentCache full:https://registry.npmjs.org/@rolldown%2fbinding-android-arm64 set size:undefined disposed:false
833 http fetch GET 200 https://registry.npmjs.org/get-tsconfig 41ms (cache miss)
834 silly packumentCache full:https://registry.npmjs.org/get-tsconfig set size:undefined disposed:false
835 http fetch GET 200 https://registry.npmjs.org/@rolldown%2fbinding-linux-arm-gnueabihf 81ms (cache miss)
836 silly packumentCache full:https://registry.npmjs.org/@rolldown%2fbinding-linux-arm-gnueabihf set size:undefined disposed:false
837 http fetch GET 200 https://registry.npmjs.org/@rolldown%2fbinding-win32-arm64-msvc 120ms (cache miss)
838 silly packumentCache full:https://registry.npmjs.org/@rolldown%2fbinding-win32-arm64-msvc set size:undefined disposed:false
839 http fetch GET 200 https://registry.npmjs.org/@rolldown%2fbinding-darwin-x64 401ms (cache miss)
840 silly packumentCache full:https://registry.npmjs.org/@rolldown%2fbinding-darwin-x64 set size:undefined disposed:false
841 http fetch GET 200 https://registry.npmjs.org/@rolldown%2fbinding-darwin-arm64 469ms (cache miss)
842 silly packumentCache full:https://registry.npmjs.org/@rolldown%2fbinding-darwin-arm64 set size:undefined disposed:false
843 http fetch GET 200 https://registry.npmjs.org/@rolldown%2fbinding-openharmony-arm64 503ms (cache miss)
844 silly packumentCache full:https://registry.npmjs.org/@rolldown%2fbinding-openharmony-arm64 set size:undefined disposed:false
845 silly placeDep ROOT async-retry@1.3.3 OK for: @vercel/blob@2.4.0 want: ^1.3.3
846 silly placeDep ROOT is-buffer@2.0.5 OK for: @vercel/blob@2.4.0 want: ^2.0.5
847 silly placeDep ROOT is-node-process@1.2.0 OK for: @vercel/blob@2.4.0 want: ^1.2.0
848 silly placeDep ROOT throttleit@2.1.0 OK for: @vercel/blob@2.4.0 want: ^2.1.0
849 silly placeDep ROOT undici@6.26.0 OK for: @vercel/blob@2.4.0 want: ^6.23.0
850 silly fetch manifest retry@0.13.1
851 silly packumentCache full:https://registry.npmjs.org/retry cache-miss
852 http fetch GET 200 https://registry.npmjs.org/retry 33ms (cache miss)
853 silly packumentCache full:https://registry.npmjs.org/retry set size:undefined disposed:false
854 silly placeDep ROOT @vercel/python-analysis@0.11.1 OK for: @vercel/build-utils@13.26.4 want: 0.11.1
855 silly placeDep ROOT cjs-module-lexer@1.2.3 OK for: @vercel/build-utils@13.26.4 want: 1.2.3
856 silly placeDep ROOT es-module-lexer@1.5.0 OK for: @vercel/build-utils@13.26.4 want: 1.5.0
857 silly fetch manifest js-yaml@4.1.1
858 silly packumentCache full:https://registry.npmjs.org/js-yaml cache-miss
859 silly fetch manifest fs-extra@11.1.1
860 silly packumentCache full:https://registry.npmjs.org/fs-extra cache-miss
861 silly fetch manifest minimatch@10.1.1
862 silly packumentCache full:https://registry.npmjs.org/minimatch cache-miss
863 silly fetch manifest @renovatebot/pep440@4.2.1
864 silly packumentCache full:https://registry.npmjs.org/@renovatebot%2fpep440 cache-miss
865 silly fetch manifest @bytecodealliance/preview2-shim@0.17.6
866 silly packumentCache full:https://registry.npmjs.org/@bytecodealliance%2fpreview2-shim cache-miss
867 http cache https://registry.npmjs.org/fs-extra 7ms (cache hit)
868 silly packumentCache full:https://registry.npmjs.org/fs-extra set size:234923 disposed:false
869 http fetch GET 200 https://registry.npmjs.org/js-yaml 45ms (cache miss)
870 silly packumentCache full:https://registry.npmjs.org/js-yaml set size:undefined disposed:false
871 http fetch GET 200 https://registry.npmjs.org/minimatch 51ms (cache miss)
872 silly packumentCache full:https://registry.npmjs.org/minimatch set size:undefined disposed:false
873 http fetch GET 200 https://registry.npmjs.org/@bytecodealliance%2fpreview2-shim 56ms (cache miss)
874 silly packumentCache full:https://registry.npmjs.org/@bytecodealliance%2fpreview2-shim set size:undefined disposed:false
875 http fetch GET 200 https://registry.npmjs.org/@renovatebot%2fpep440 59ms (cache miss)
876 silly packumentCache full:https://registry.npmjs.org/@renovatebot%2fpep440 set size:undefined disposed:false
877 silly placeDep ROOT xdg-app-paths@5.5.1 OK for: @vercel/cli-config@0.1.2 want: 5
878 silly placeDep node_modules/@vercel/cli-config zod@4.1.11 OK for: @vercel/cli-config@0.1.2 want: 4.1.11
879 silly fetch manifest os-paths@^4.0.1
880 silly packumentCache full:https://registry.npmjs.org/os-paths cache-miss
881 silly fetch manifest xdg-portable@^7.2.0
882 silly packumentCache full:https://registry.npmjs.org/xdg-portable cache-miss
883 http fetch GET 200 https://registry.npmjs.org/xdg-portable 48ms (cache miss)
884 silly packumentCache full:https://registry.npmjs.org/xdg-portable set size:undefined disposed:false
885 http fetch GET 200 https://registry.npmjs.org/os-paths 53ms (cache miss)
886 silly packumentCache full:https://registry.npmjs.org/os-paths set size:undefined disposed:false
887 silly placeDep ROOT @vercel/static-config@3.4.0 OK for: @vercel/elysia@0.1.83 want: 3.4.0
888 silly fetch manifest ajv@8.6.3
889 silly packumentCache full:https://registry.npmjs.org/ajv cache-miss
890 silly fetch manifest json-schema-to-ts@1.6.4
891 silly packumentCache full:https://registry.npmjs.org/json-schema-to-ts cache-miss
892 http fetch GET 200 https://registry.npmjs.org/ajv 50ms (cache miss)
893 silly packumentCache full:https://registry.npmjs.org/ajv set size:undefined disposed:false
894 http fetch GET 200 https://registry.npmjs.org/json-schema-to-ts 59ms (cache miss)
895 silly packumentCache full:https://registry.npmjs.org/json-schema-to-ts set size:undefined disposed:false
896 silly placeDep ROOT @vercel/cervel@0.1.10 OK for: @vercel/express@0.1.93 want: 0.1.10
897 silly placeDep ROOT ts-morph@12.0.0 OK for: @vercel/express@0.1.93 want: 12.0.0
898 silly placeDep node_modules/@vercel/express zod@3.22.4 OK for: @vercel/express@0.1.93 want: 3.22.4
899 silly fetch manifest @ts-morph/common@~0.11.0
900 silly packumentCache full:https://registry.npmjs.org/@ts-morph%2fcommon cache-miss
901 silly fetch manifest code-block-writer@^10.1.1
902 silly packumentCache full:https://registry.npmjs.org/code-block-writer cache-miss
903 http fetch GET 200 https://registry.npmjs.org/code-block-writer 52ms (cache miss)
904 silly packumentCache full:https://registry.npmjs.org/code-block-writer set size:undefined disposed:false
905 http fetch GET 200 https://registry.npmjs.org/@ts-morph%2fcommon 541ms (cache miss)
906 silly packumentCache full:https://registry.npmjs.org/@ts-morph%2fcommon set size:undefined disposed:false
907 silly fetch manifest encoding@^0.1.0
908 silly packumentCache full:https://registry.npmjs.org/encoding cache-miss
909 http fetch GET 200 https://registry.npmjs.org/encoding 33ms (cache miss)
910 silly packumentCache full:https://registry.npmjs.org/encoding set size:undefined disposed:false
911 silly placeDep ROOT @tootallnate/once@2.0.0 OK for: @vercel/fun@1.3.0 want: 2.0.0
912 silly placeDep ROOT async-listen@1.2.0 OK for: @vercel/fun@1.3.0 want: 1.2.0
913 silly placeDep node_modules/@vercel/fun debug@4.3.4 OK for: @vercel/fun@1.3.0 want: 4.3.4
914 silly placeDep ROOT generic-pool@3.4.2 OK for: @vercel/fun@1.3.0 want: 3.4.2
915 silly placeDep ROOT micro@9.3.5-canary.3 OK for: @vercel/fun@1.3.0 want: 9.3.5-canary.3
916 silly placeDep node_modules/@vercel/fun ms@2.1.1 OK for: @vercel/fun@1.3.0 want: 2.1.1
917 silly placeDep ROOT node-fetch@2.6.7 OK for: @vercel/fun@1.3.0 want: 2.6.7
918 silly placeDep node_modules/@vercel/fun path-to-regexp@8.2.0 OK for: @vercel/fun@1.3.0 want: 8.2.0
919 silly placeDep ROOT promisepipe@3.0.0 OK for: @vercel/fun@1.3.0 want: 3.0.0
920 silly placeDep node_modules/@vercel/fun semver@7.5.4 OK for: @vercel/fun@1.3.0 want: 7.5.4
921 silly placeDep ROOT stat-mode@0.3.0 OK for: @vercel/fun@1.3.0 want: 0.3.0
922 silly placeDep ROOT stream-to-promise@2.2.0 OK for: @vercel/fun@1.3.0 want: 2.2.0
923 silly placeDep ROOT tar@7.5.7 OK for: @vercel/fun@1.3.0 want: 7.5.7
924 silly placeDep ROOT tinyexec@0.3.2 OK for: @vercel/fun@1.3.0 want: 0.3.2
925 silly placeDep ROOT tree-kill@1.2.2 OK for: @vercel/fun@1.3.0 want: 1.2.2
926 silly placeDep ROOT uid-promise@1.0.0 OK for: @vercel/fun@1.3.0 want: 1.0.0
927 silly placeDep node_modules/@vercel/fun xdg-app-paths@5.1.0 OK for: @vercel/fun@1.3.0 want: 5.1.0
928 silly placeDep ROOT yauzl-promise@2.1.3 OK for: @vercel/fun@1.3.0 want: 2.1.3
929 silly fetch manifest ms@2.1.2
930 silly packumentCache full:https://registry.npmjs.org/ms cache-miss
931 silly fetch manifest arg@4.1.0
932 silly packumentCache full:https://registry.npmjs.org/arg cache-miss
933 silly fetch manifest raw-body@2.4.1
934 silly packumentCache full:https://registry.npmjs.org/raw-body cache-miss
935 silly fetch manifest content-type@1.0.4
936 silly packumentCache full:https://registry.npmjs.org/content-type cache-miss
937 silly fetch manifest whatwg-url@^5.0.0
938 silly packumentCache full:https://registry.npmjs.org/whatwg-url cache-miss
939 silly fetch manifest lru-cache@^6.0.0
940 silly packumentCache full:https://registry.npmjs.org/lru-cache cache-miss
941 silly fetch manifest any-promise@~1.3.0
942 silly packumentCache full:https://registry.npmjs.org/any-promise cache-miss
943 silly fetch manifest end-of-stream@~1.1.0
944 silly packumentCache full:https://registry.npmjs.org/end-of-stream cache-miss
945 silly fetch manifest stream-to-array@~2.3.0
946 silly packumentCache full:https://registry.npmjs.org/stream-to-array cache-miss
947 http cache https://registry.npmjs.org/ms 5ms (cache hit)
948 silly packumentCache full:https://registry.npmjs.org/ms set size:92208 disposed:false
949 silly fetch manifest chownr@^3.0.0
950 silly packumentCache full:https://registry.npmjs.org/chownr cache-miss
951 http cache https://registry.npmjs.org/lru-cache 7ms (cache hit)
952 silly packumentCache full:https://registry.npmjs.org/lru-cache set size:456196 disposed:false
953 silly fetch manifest yallist@^5.0.0
954 silly packumentCache full:https://registry.npmjs.org/yallist cache-miss
955 http fetch GET 200 https://registry.npmjs.org/any-promise 33ms (cache miss)
956 silly packumentCache full:https://registry.npmjs.org/any-promise set size:undefined disposed:false
957 silly fetch manifest minipass@^7.1.2
958 silly packumentCache full:https://registry.npmjs.org/minipass cache-miss
959 http fetch GET 200 https://registry.npmjs.org/stream-to-array 35ms (cache miss)
960 silly packumentCache full:https://registry.npmjs.org/stream-to-array set size:undefined disposed:false
961 silly fetch manifest minizlib@^3.1.0
962 silly packumentCache full:https://registry.npmjs.org/minizlib cache-miss
963 http fetch GET 200 https://registry.npmjs.org/end-of-stream 35ms (cache miss)
964 silly packumentCache full:https://registry.npmjs.org/end-of-stream set size:undefined disposed:false
965 silly fetch manifest @isaacs/fs-minipass@^4.0.0
966 silly packumentCache full:https://registry.npmjs.org/@isaacs%2ffs-minipass cache-miss
967 http fetch GET 200 https://registry.npmjs.org/content-type 39ms (cache miss)
968 silly packumentCache full:https://registry.npmjs.org/content-type set size:undefined disposed:false
969 silly fetch manifest xdg-portable@^7.0.0
970 silly packumentCache full:https://registry.npmjs.org/xdg-portable cache-miss
971 http fetch GET 200 https://registry.npmjs.org/chownr 36ms (cache miss)
972 silly packumentCache full:https://registry.npmjs.org/chownr set size:undefined disposed:false
973 silly fetch manifest yauzl@^2.9.1
974 silly packumentCache full:https://registry.npmjs.org/yauzl cache-miss
975 http cache https://registry.npmjs.org/xdg-portable 3ms (cache hit)
976 silly packumentCache full:https://registry.npmjs.org/xdg-portable set size:329210 disposed:false
977 silly fetch manifest yauzl-clone@^1.0.4
978 silly packumentCache full:https://registry.npmjs.org/yauzl-clone cache-miss
979 http fetch GET 200 https://registry.npmjs.org/arg 46ms (cache miss)
980 silly packumentCache full:https://registry.npmjs.org/arg set size:undefined disposed:false
981 http fetch GET 200 https://registry.npmjs.org/yallist 36ms (cache miss)
982 silly packumentCache full:https://registry.npmjs.org/yallist set size:undefined disposed:false
983 http fetch GET 200 https://registry.npmjs.org/whatwg-url 49ms (cache miss)
984 silly packumentCache full:https://registry.npmjs.org/whatwg-url set size:undefined disposed:false
985 http fetch GET 200 https://registry.npmjs.org/raw-body 50ms (cache miss)
986 silly packumentCache full:https://registry.npmjs.org/raw-body set size:undefined disposed:false
987 http fetch GET 200 https://registry.npmjs.org/yauzl-clone 30ms (cache miss)
988 silly packumentCache full:https://registry.npmjs.org/yauzl-clone set size:undefined disposed:false
989 http fetch GET 200 https://registry.npmjs.org/minizlib 38ms (cache miss)
990 silly packumentCache full:https://registry.npmjs.org/minizlib set size:undefined disposed:false
991 http fetch GET 200 https://registry.npmjs.org/@isaacs%2ffs-minipass 40ms (cache miss)
992 silly packumentCache full:https://registry.npmjs.org/@isaacs%2ffs-minipass set size:undefined disposed:false
993 http fetch GET 200 https://registry.npmjs.org/minipass 46ms (cache miss)
994 silly packumentCache full:https://registry.npmjs.org/minipass set size:undefined disposed:false
995 http fetch GET 200 https://registry.npmjs.org/yauzl 48ms (cache miss)
996 silly packumentCache full:https://registry.npmjs.org/yauzl set size:undefined disposed:false
997 silly placeDep node_modules/@vercel/hono zod@3.22.4 OK for: @vercel/hono@0.2.86 want: 3.22.4
998 silly fetch manifest rollup@^1.20.0||^2.0.0||^3.0.0||^4.0.0
999 silly packumentCache full:https://registry.npmjs.org/rollup cache-miss
1000 http fetch GET 200 https://registry.npmjs.org/rollup 133ms (cache miss)
1001 silly packumentCache full:https://registry.npmjs.org/rollup set size:undefined disposed:false
1002 silly fetch manifest acorn@^8.6.0
1003 silly packumentCache full:https://registry.npmjs.org/acorn cache-miss
1004 http fetch GET 200 https://registry.npmjs.org/acorn 43ms (cache miss)
1005 silly packumentCache full:https://registry.npmjs.org/acorn set size:undefined disposed:false
1006 silly placeDep ROOT @mapbox/node-pre-gyp@2.0.3 OK for: @vercel/nft@1.5.0 want: ^2.0.0
1007 silly placeDep ROOT @rollup/pluginutils@5.3.0 OK for: @vercel/nft@1.5.0 want: ^5.1.3
1008 silly placeDep ROOT acorn-import-attributes@1.9.5 OK for: @vercel/nft@1.5.0 want: ^1.9.5
1009 silly placeDep ROOT async-sema@3.1.1 OK for: @vercel/nft@1.5.0 want: ^3.1.1
1010 silly placeDep ROOT bindings@1.5.0 OK for: @vercel/nft@1.5.0 want: ^1.4.0
1011 silly placeDep ROOT estree-walker@2.0.2 OK for: @vercel/nft@1.5.0 want: 2.0.2
1012 silly placeDep ROOT glob@13.0.6 OK for: @vercel/nft@1.5.0 want: ^13.0.0
1013 silly placeDep ROOT graceful-fs@4.2.11 OK for: @vercel/nft@1.5.0 want: ^4.2.9
1014 silly placeDep ROOT node-gyp-build@4.8.4 OK for: @vercel/nft@1.5.0 want: ^4.2.2
1015 silly placeDep ROOT resolve-from@5.0.0 OK for: @vercel/nft@1.5.0 want: ^5.0.0
1016 silly fetch manifest nopt@^8.0.0
1017 silly packumentCache full:https://registry.npmjs.org/nopt cache-miss
1018 silly fetch manifest semver@^7.5.3
1019 silly packumentCache full:https://registry.npmjs.org/semver cache-miss
1020 silly fetch manifest consola@^3.2.3
1021 silly packumentCache full:https://registry.npmjs.org/consola cache-miss
1022 silly fetch manifest https-proxy-agent@^7.0.5
1023 silly packumentCache full:https://registry.npmjs.org/https-proxy-agent cache-miss
1024 silly fetch manifest estree-walker@^2.0.2
1025 silly packumentCache full:https://registry.npmjs.org/estree-walker cache-miss
1026 silly fetch manifest file-uri-to-path@1.0.0
1027 silly packumentCache full:https://registry.npmjs.org/file-uri-to-path cache-miss
1028 silly fetch manifest minipass@^7.1.3
1029 silly packumentCache full:https://registry.npmjs.org/minipass cache-miss
1030 silly fetch manifest path-scurry@^2.0.2
1031 silly packumentCache full:https://registry.npmjs.org/path-scurry cache-miss
1032 http cache https://registry.npmjs.org/semver 3ms (cache hit)
1033 silly packumentCache full:https://registry.npmjs.org/semver set size:235672 disposed:false
1034 http cache https://registry.npmjs.org/minipass 3ms (cache hit)
1035 silly packumentCache full:https://registry.npmjs.org/minipass set size:276925 disposed:false
1036 http cache https://registry.npmjs.org/estree-walker 4ms (cache hit)
1037 silly packumentCache full:https://registry.npmjs.org/estree-walker set size:60887 disposed:false
1038 http cache https://registry.npmjs.org/https-proxy-agent 5ms (cache hit)
1039 silly packumentCache full:https://registry.npmjs.org/https-proxy-agent set size:81258 disposed:false
1040 http fetch GET 200 https://registry.npmjs.org/file-uri-to-path 31ms (cache miss)
1041 silly packumentCache full:https://registry.npmjs.org/file-uri-to-path set size:undefined disposed:false
1042 http fetch GET 200 https://registry.npmjs.org/path-scurry 36ms (cache miss)
1043 silly packumentCache full:https://registry.npmjs.org/path-scurry set size:undefined disposed:false
1044 http fetch GET 200 https://registry.npmjs.org/nopt 43ms (cache miss)
1045 silly packumentCache full:https://registry.npmjs.org/nopt set size:undefined disposed:false
1046 http fetch GET 200 https://registry.npmjs.org/consola 57ms (cache miss)
1047 silly packumentCache full:https://registry.npmjs.org/consola set size:undefined disposed:false
1048 silly placeDep ROOT consola@3.4.2 OK for: @mapbox/node-pre-gyp@2.0.3 want: ^3.2.3
1049 silly placeDep ROOT https-proxy-agent@7.0.6 OK for: @mapbox/node-pre-gyp@2.0.3 want: ^7.0.5
1050 silly placeDep ROOT nopt@8.1.0 OK for: @mapbox/node-pre-gyp@2.0.3 want: ^8.0.0
1051 silly placeDep node_modules/@mapbox/node-pre-gyp semver@7.8.1 OK for: @mapbox/node-pre-gyp@2.0.3 want: ^7.5.3
1052 silly fetch manifest agent-base@^7.1.2
1053 silly packumentCache full:https://registry.npmjs.org/agent-base cache-miss
1054 silly fetch manifest abbrev@^3.0.0
1055 silly packumentCache full:https://registry.npmjs.org/abbrev cache-miss
1056 http cache https://registry.npmjs.org/agent-base 2ms (cache hit)
1057 silly packumentCache full:https://registry.npmjs.org/agent-base set size:72085 disposed:false
1058 http fetch GET 200 https://registry.npmjs.org/abbrev 31ms (cache miss)
1059 silly packumentCache full:https://registry.npmjs.org/abbrev set size:undefined disposed:false
1060 silly placeDep ROOT @edge-runtime/node-utils@2.3.0 OK for: @vercel/node@5.8.7 want: 2.3.0
1061 silly placeDep ROOT @edge-runtime/primitives@4.1.0 OK for: @vercel/node@5.8.7 want: 4.1.0
1062 silly placeDep ROOT @edge-runtime/vm@3.2.0 OK for: @vercel/node@5.8.7 want: 3.2.0
1063 silly placeDep ROOT @types/node@20.11.0 OK for: @vercel/node@5.8.7 want: 20.11.0
1064 silly placeDep ROOT @vercel/error-utils@2.1.0 OK for: @vercel/node@5.8.7 want: 2.1.0
1065 silly placeDep node_modules/@vercel/node async-listen@3.0.0 OK for: @vercel/node@5.8.7 want: 3.0.0
1066 silly placeDep ROOT edge-runtime@2.5.9 OK for: @vercel/node@5.8.7 want: 2.5.9
1067 silly placeDep node_modules/@vercel/node es-module-lexer@1.4.1 OK for: @vercel/node@5.8.7 want: 1.4.1
1068 silly placeDep ROOT etag@1.8.1 OK for: @vercel/node@5.8.7 want: 1.8.1
1069 silly placeDep ROOT mime-types@2.1.35 OK for: @vercel/node@5.8.7 want: 2.1.35
1070 silly placeDep node_modules/@vercel/node node-fetch@2.6.9 OK for: @vercel/node@5.8.7 want: 2.6.9
1071 silly placeDep node_modules/@vercel/node path-to-regexp@6.1.0 OK for: @vercel/node@5.8.7 want: 6.1.0
1072 silly placeDep ROOT path-to-regexp-updated@6.3.0 OK for: @vercel/node@5.8.7 want: npm:path-to-regexp@6.3.0
1073 silly placeDep ROOT typescript@5.9.3 OK for: @vercel/node@5.8.7 want: npm:typescript@5.9.3
1074 silly placeDep node_modules/@vercel/node undici@5.28.4 OK for: @vercel/node@5.8.7 want: 5.28.4
1075 silly fetch manifest undici-types@~5.26.4
1076 silly packumentCache full:https://registry.npmjs.org/undici-types cache-miss
1077 silly fetch manifest mri@1.2.0
1078 silly packumentCache full:https://registry.npmjs.org/mri cache-miss
1079 silly fetch manifest pretty-ms@7.0.1
1080 silly packumentCache full:https://registry.npmjs.org/pretty-ms cache-miss
1081 silly fetch manifest time-span@4.0.0
1082 silly packumentCache full:https://registry.npmjs.org/time-span cache-miss
1083 silly fetch manifest picocolors@1.0.0
1084 silly packumentCache full:https://registry.npmjs.org/picocolors cache-miss
1085 silly fetch manifest signal-exit@4.0.2
1086 silly packumentCache full:https://registry.npmjs.org/signal-exit cache-miss
1087 silly fetch manifest async-listen@3.0.1
1088 silly packumentCache full:https://registry.npmjs.org/async-listen cache-hit
1089 silly fetch manifest @edge-runtime/format@2.2.1
1090 silly packumentCache full:https://registry.npmjs.org/@edge-runtime%2fformat cache-miss
1091 silly fetch manifest @edge-runtime/ponyfill@2.4.2
1092 silly packumentCache full:https://registry.npmjs.org/@edge-runtime%2fponyfill cache-miss
1093 silly fetch manifest mime-db@1.52.0
1094 silly packumentCache full:https://registry.npmjs.org/mime-db cache-miss
1095 http cache https://registry.npmjs.org/signal-exit 3ms (cache hit)
1096 silly packumentCache full:https://registry.npmjs.org/signal-exit set size:53489 disposed:false
1097 silly fetch manifest @fastify/busboy@^2.0.0
1098 silly packumentCache full:https://registry.npmjs.org/@fastify%2fbusboy cache-miss
1099 http fetch GET 200 https://registry.npmjs.org/time-span 34ms (cache miss)
1100 silly packumentCache full:https://registry.npmjs.org/time-span set size:undefined disposed:false
1101 http fetch GET 200 https://registry.npmjs.org/picocolors 35ms (cache miss)
1102 silly packumentCache full:https://registry.npmjs.org/picocolors set size:undefined disposed:false
1103 http fetch GET 200 https://registry.npmjs.org/undici-types 36ms (cache miss)
1104 silly packumentCache full:https://registry.npmjs.org/undici-types set size:undefined disposed:false
1105 http fetch GET 200 https://registry.npmjs.org/mri 41ms (cache miss)
1106 silly packumentCache full:https://registry.npmjs.org/mri set size:undefined disposed:false
1107 http fetch GET 200 https://registry.npmjs.org/pretty-ms 41ms (cache miss)
1108 silly packumentCache full:https://registry.npmjs.org/pretty-ms set size:undefined disposed:false
1109 http fetch GET 200 https://registry.npmjs.org/@fastify%2fbusboy 56ms (cache miss)
1110 silly packumentCache full:https://registry.npmjs.org/@fastify%2fbusboy set size:undefined disposed:false
1111 http fetch GET 200 https://registry.npmjs.org/@edge-runtime%2fponyfill 64ms (cache miss)
1112 silly packumentCache full:https://registry.npmjs.org/@edge-runtime%2fponyfill set size:undefined disposed:false
1113 http fetch GET 200 https://registry.npmjs.org/mime-db 68ms (cache miss)
1114 silly packumentCache full:https://registry.npmjs.org/mime-db set size:undefined disposed:false
1115 http fetch GET 200 https://registry.npmjs.org/@edge-runtime%2fformat 491ms (cache miss)
1116 silly packumentCache full:https://registry.npmjs.org/@edge-runtime%2fformat set size:undefined disposed:false
1117 silly placeDep ROOT undici-types@5.26.5 OK for: @types/node@20.11.0 want: ~5.26.4
1118 silly placeDep ROOT @bytecodealliance/preview2-shim@0.17.6 OK for: @vercel/python-analysis@0.11.1 want: 0.17.6
1119 silly placeDep ROOT @renovatebot/pep440@4.2.1 OK for: @vercel/python-analysis@0.11.1 want: 4.2.1
1120 silly placeDep node_modules/@vercel/python-analysis fs-extra@11.1.1 OK for: @vercel/python-analysis@0.11.1 want: 11.1.1
1121 silly placeDep ROOT js-yaml@4.1.1 OK for: @vercel/python-analysis@0.11.1 want: 4.1.1
1122 silly placeDep node_modules/@vercel/python-analysis minimatch@10.1.1 OK for: @vercel/python-analysis@0.11.1 want: 10.1.1
1123 silly placeDep node_modules/@vercel/python-analysis zod@3.22.4 OK for: @vercel/python-analysis@0.11.1 want: 3.22.4
1124 silly fetch manifest argparse@^2.0.1
1125 silly packumentCache full:https://registry.npmjs.org/argparse cache-miss
1126 silly fetch manifest @isaacs/brace-expansion@^5.0.0
1127 silly packumentCache full:https://registry.npmjs.org/@isaacs%2fbrace-expansion cache-miss
1128 http fetch GET 200 https://registry.npmjs.org/argparse 31ms (cache miss)
1129 silly packumentCache full:https://registry.npmjs.org/argparse set size:undefined disposed:false
1130 http fetch GET 200 https://registry.npmjs.org/@isaacs%2fbrace-expansion 222ms (cache miss)
1131 silly packumentCache full:https://registry.npmjs.org/@isaacs%2fbrace-expansion set size:undefined disposed:false
1132 silly placeDep node_modules/@vercel/remix-builder path-to-regexp@6.1.0 OK for: @vercel/remix-builder@5.8.3 want: 6.1.0
1133 silly placeDep node_modules/@vercel/rust execa@5.1.1 OK for: @vercel/rust@1.3.0 want: 5
1134 silly fetch manifest onetime@^5.1.2
1135 silly packumentCache full:https://registry.npmjs.org/onetime cache-miss
1136 silly fetch manifest get-stream@^6.0.0
1137 silly packumentCache full:https://registry.npmjs.org/get-stream cache-miss
1138 silly fetch manifest signal-exit@^3.0.3
1139 silly packumentCache full:https://registry.npmjs.org/signal-exit cache-hit
1140 silly fetch manifest npm-run-path@^4.0.1
1141 silly packumentCache full:https://registry.npmjs.org/npm-run-path cache-miss
1142 silly fetch manifest human-signals@^2.1.0
1143 silly packumentCache full:https://registry.npmjs.org/human-signals cache-miss
1144 http cache https://registry.npmjs.org/npm-run-path 3ms (cache hit)
1145 silly packumentCache full:https://registry.npmjs.org/npm-run-path set size:33596 disposed:false
1146 http cache https://registry.npmjs.org/onetime 5ms (cache hit)
1147 silly packumentCache full:https://registry.npmjs.org/onetime set size:32314 disposed:false
1148 http cache https://registry.npmjs.org/get-stream 6ms (cache hit)
1149 silly packumentCache full:https://registry.npmjs.org/get-stream set size:57536 disposed:false
1150 http cache https://registry.npmjs.org/human-signals 6ms (cache hit)
1151 silly packumentCache full:https://registry.npmjs.org/human-signals set size:47322 disposed:false
1152 silly placeDep ROOT @vercel/gatsby-plugin-vercel-analytics@1.0.11 OK for: @vercel/static-build@2.9.33 want: 1.0.11
1153 silly placeDep ROOT @vercel/gatsby-plugin-vercel-builder@2.2.10 OK for: @vercel/static-build@2.9.33 want: 2.2.10
1154 silly fetch manifest web-vitals@0.2.4
1155 silly packumentCache full:https://registry.npmjs.org/web-vitals cache-miss
1156 silly fetch manifest @sinclair/typebox@0.25.24
1157 silly packumentCache full:https://registry.npmjs.org/@sinclair%2ftypebox cache-miss
1158 http fetch GET 200 https://registry.npmjs.org/web-vitals 56ms (cache miss)
1159 silly packumentCache full:https://registry.npmjs.org/web-vitals set size:undefined disposed:false
1160 http fetch GET 200 https://registry.npmjs.org/@sinclair%2ftypebox 75ms (cache miss)
1161 silly packumentCache full:https://registry.npmjs.org/@sinclair%2ftypebox set size:undefined disposed:false
1162 silly placeDep ROOT web-vitals@0.2.4 OK for: @vercel/gatsby-plugin-vercel-analytics@1.0.11 want: 0.2.4
1163 silly placeDep ROOT @sinclair/typebox@0.25.24 OK for: @vercel/gatsby-plugin-vercel-builder@2.2.10 want: 0.25.24
1164 silly placeDep node_modules/@vercel/static-config ajv@8.6.3 OK for: @vercel/static-config@3.4.0 want: 8.6.3
1165 silly placeDep ROOT json-schema-to-ts@1.6.4 OK for: @vercel/static-config@3.4.0 want: 1.6.4
1166 silly fetch manifest require-from-string@^2.0.2
1167 silly packumentCache full:https://registry.npmjs.org/require-from-string cache-miss
1168 silly fetch manifest json-schema-traverse@^1.0.0
1169 silly packumentCache full:https://registry.npmjs.org/json-schema-traverse cache-miss
1170 silly fetch manifest ts-toolbelt@^6.15.5
1171 silly packumentCache full:https://registry.npmjs.org/ts-toolbelt cache-miss
1172 http fetch GET 200 https://registry.npmjs.org/json-schema-traverse 31ms (cache miss)
1173 silly packumentCache full:https://registry.npmjs.org/json-schema-traverse set size:undefined disposed:false
1174 http fetch GET 200 https://registry.npmjs.org/require-from-string 35ms (cache miss)
1175 silly packumentCache full:https://registry.npmjs.org/require-from-string set size:undefined disposed:false
1176 http fetch GET 200 https://registry.npmjs.org/ts-toolbelt 257ms (cache miss)
1177 silly packumentCache full:https://registry.npmjs.org/ts-toolbelt set size:undefined disposed:false
1178 silly placeDep ROOT retry@0.13.1 OK for: async-retry@1.3.3 want: 0.13.1
1179 silly placeDep ROOT file-uri-to-path@1.0.0 OK for: bindings@1.5.0 want: 1.0.0
1180 silly placeDep ROOT readdirp@4.1.2 OK for: chokidar@4.0.0 want: ^4.0.1
1181 silly placeDep ROOT @edge-runtime/format@2.2.1 OK for: edge-runtime@2.5.9 want: 2.2.1
1182 silly placeDep ROOT @edge-runtime/ponyfill@2.4.2 OK for: edge-runtime@2.5.9 want: 2.4.2
1183 silly placeDep node_modules/edge-runtime async-listen@3.0.1 OK for: edge-runtime@2.5.9 want: 3.0.1
1184 silly placeDep ROOT mri@1.2.0 OK for: edge-runtime@2.5.9 want: 1.2.0
1185 silly placeDep node_modules/edge-runtime picocolors@1.0.0 OK for: edge-runtime@2.5.9 want: 1.0.0
1186 silly placeDep ROOT pretty-ms@7.0.1 OK for: edge-runtime@2.5.9 want: 7.0.1
1187 silly placeDep ROOT signal-exit@4.0.2 OK for: edge-runtime@2.5.9 want: 4.0.2
1188 silly placeDep ROOT time-span@4.0.0 OK for: edge-runtime@2.5.9 want: 4.0.0
1189 silly fetch manifest parse-ms@^2.1.0
1190 silly packumentCache full:https://registry.npmjs.org/parse-ms cache-miss
1191 silly fetch manifest convert-hrtime@^3.0.0
1192 silly packumentCache full:https://registry.npmjs.org/convert-hrtime cache-miss
1193 http fetch GET 200 https://registry.npmjs.org/convert-hrtime 33ms (cache miss)
1194 silly packumentCache full:https://registry.npmjs.org/convert-hrtime set size:undefined disposed:false
1195 http fetch GET 200 https://registry.npmjs.org/parse-ms 37ms (cache miss)
1196 silly packumentCache full:https://registry.npmjs.org/parse-ms set size:undefined disposed:false
1197 silly placeDep ROOT @esbuild/aix-ppc64@0.27.0 OK for: esbuild@0.27.0 want: 0.27.0
1198 silly placeDep ROOT @esbuild/android-arm@0.27.0 OK for: esbuild@0.27.0 want: 0.27.0
1199 silly placeDep ROOT @esbuild/android-arm64@0.27.0 OK for: esbuild@0.27.0 want: 0.27.0
1200 silly placeDep ROOT @esbuild/android-x64@0.27.0 OK for: esbuild@0.27.0 want: 0.27.0
1201 silly placeDep ROOT @esbuild/darwin-arm64@0.27.0 OK for: esbuild@0.27.0 want: 0.27.0
1202 silly placeDep ROOT @esbuild/darwin-x64@0.27.0 OK for: esbuild@0.27.0 want: 0.27.0
1203 silly placeDep ROOT @esbuild/freebsd-arm64@0.27.0 OK for: esbuild@0.27.0 want: 0.27.0
1204 silly placeDep ROOT @esbuild/freebsd-x64@0.27.0 OK for: esbuild@0.27.0 want: 0.27.0
1205 silly placeDep ROOT @esbuild/linux-arm@0.27.0 OK for: esbuild@0.27.0 want: 0.27.0
1206 silly placeDep ROOT @esbuild/linux-arm64@0.27.0 OK for: esbuild@0.27.0 want: 0.27.0
1207 silly placeDep ROOT @esbuild/linux-ia32@0.27.0 OK for: esbuild@0.27.0 want: 0.27.0
1208 silly placeDep ROOT @esbuild/linux-loong64@0.27.0 OK for: esbuild@0.27.0 want: 0.27.0
1209 silly placeDep ROOT @esbuild/linux-mips64el@0.27.0 OK for: esbuild@0.27.0 want: 0.27.0
1210 silly placeDep ROOT @esbuild/linux-ppc64@0.27.0 OK for: esbuild@0.27.0 want: 0.27.0
1211 silly placeDep ROOT @esbuild/linux-riscv64@0.27.0 OK for: esbuild@0.27.0 want: 0.27.0
1212 silly placeDep ROOT @esbuild/linux-s390x@0.27.0 OK for: esbuild@0.27.0 want: 0.27.0
1213 silly placeDep ROOT @esbuild/linux-x64@0.27.0 OK for: esbuild@0.27.0 want: 0.27.0
1214 silly placeDep ROOT @esbuild/netbsd-arm64@0.27.0 OK for: esbuild@0.27.0 want: 0.27.0
1215 silly placeDep ROOT @esbuild/netbsd-x64@0.27.0 OK for: esbuild@0.27.0 want: 0.27.0
1216 silly placeDep ROOT @esbuild/openbsd-arm64@0.27.0 OK for: esbuild@0.27.0 want: 0.27.0
1217 silly placeDep ROOT @esbuild/openbsd-x64@0.27.0 OK for: esbuild@0.27.0 want: 0.27.0
1218 silly placeDep ROOT @esbuild/openharmony-arm64@0.27.0 OK for: esbuild@0.27.0 want: 0.27.0
1219 silly placeDep ROOT @esbuild/sunos-x64@0.27.0 OK for: esbuild@0.27.0 want: 0.27.0
1220 silly placeDep ROOT @esbuild/win32-arm64@0.27.0 OK for: esbuild@0.27.0 want: 0.27.0
1221 silly placeDep ROOT @esbuild/win32-ia32@0.27.0 OK for: esbuild@0.27.0 want: 0.27.0
1222 silly placeDep ROOT @esbuild/win32-x64@0.27.0 OK for: esbuild@0.27.0 want: 0.27.0
1223 silly placeDep ROOT get-stream@5.2.0 OK for: execa@3.2.0 want: ^5.0.0
1224 silly placeDep ROOT human-signals@1.1.1 OK for: execa@3.2.0 want: ^1.1.1
1225 silly placeDep ROOT is-stream@2.0.1 OK for: execa@3.2.0 want: ^2.0.0
1226 silly placeDep ROOT merge-stream@2.0.0 OK for: execa@3.2.0 want: ^2.0.0
1227 silly placeDep ROOT npm-run-path@4.0.1 OK for: execa@3.2.0 want: ^4.0.0
1228 silly placeDep ROOT onetime@5.1.2 OK for: execa@3.2.0 want: ^5.1.0
1229 silly placeDep ROOT p-finally@2.0.1 OK for: execa@3.2.0 want: ^2.0.0
1230 silly placeDep node_modules/execa signal-exit@3.0.7 OK for: execa@3.2.0 want: ^3.0.2
1231 silly placeDep ROOT strip-final-newline@2.0.0 OK for: execa@3.2.0 want: ^2.0.0
1232 silly fetch manifest pump@^3.0.0
1233 silly packumentCache full:https://registry.npmjs.org/pump cache-miss
1234 silly fetch manifest mimic-fn@^2.1.0
1235 silly packumentCache full:https://registry.npmjs.org/mimic-fn cache-miss
1236 http fetch GET 200 https://registry.npmjs.org/mimic-fn 32ms (cache miss)
1237 silly packumentCache full:https://registry.npmjs.org/mimic-fn set size:undefined disposed:false
1238 http fetch GET 200 https://registry.npmjs.org/pump 32ms (cache miss)
1239 silly packumentCache full:https://registry.npmjs.org/pump set size:undefined disposed:false
1240 silly placeDep ROOT asynckit@0.4.0 OK for: form-data@4.0.5 want: ^0.4.0
1241 silly placeDep ROOT combined-stream@1.0.8 OK for: form-data@4.0.5 want: ^1.0.8
1242 silly placeDep ROOT es-set-tostringtag@2.1.0 OK for: form-data@4.0.5 want: ^2.1.0
1243 silly placeDep ROOT hasown@2.0.4 OK for: form-data@4.0.5 want: ^2.0.2
1244 silly fetch manifest delayed-stream@~1.0.0
1245 silly packumentCache full:https://registry.npmjs.org/delayed-stream cache-miss
1246 silly fetch manifest es-errors@^1.3.0
1247 silly packumentCache full:https://registry.npmjs.org/es-errors cache-miss
1248 silly fetch manifest get-intrinsic@^1.2.6
1249 silly packumentCache full:https://registry.npmjs.org/get-intrinsic cache-miss
1250 silly fetch manifest has-tostringtag@^1.0.2
1251 silly packumentCache full:https://registry.npmjs.org/has-tostringtag cache-miss
1252 silly fetch manifest function-bind@^1.1.2
1253 silly packumentCache full:https://registry.npmjs.org/function-bind cache-miss
1254 http fetch GET 200 https://registry.npmjs.org/delayed-stream 72ms (cache miss)
1255 silly packumentCache full:https://registry.npmjs.org/delayed-stream set size:undefined disposed:false
1256 http fetch GET 200 https://registry.npmjs.org/has-tostringtag 73ms (cache miss)
1257 silly packumentCache full:https://registry.npmjs.org/has-tostringtag set size:undefined disposed:false
1258 http fetch GET 200 https://registry.npmjs.org/es-errors 73ms (cache miss)
1259 silly packumentCache full:https://registry.npmjs.org/es-errors set size:undefined disposed:false
1260 http fetch GET 200 https://registry.npmjs.org/function-bind 73ms (cache miss)
1261 silly packumentCache full:https://registry.npmjs.org/function-bind set size:undefined disposed:false
1262 http fetch GET 200 https://registry.npmjs.org/get-intrinsic 74ms (cache miss)
1263 silly packumentCache full:https://registry.npmjs.org/get-intrinsic set size:undefined disposed:false
1264 silly placeDep ROOT delayed-stream@1.0.0 OK for: combined-stream@1.0.8 want: ~1.0.0
1265 silly placeDep ROOT es-errors@1.3.0 OK for: es-set-tostringtag@2.1.0 want: ^1.3.0
1266 silly placeDep ROOT get-intrinsic@1.3.0 OK for: es-set-tostringtag@2.1.0 want: ^1.2.6
1267 silly placeDep ROOT has-tostringtag@1.0.2 OK for: es-set-tostringtag@2.1.0 want: ^1.0.2
1268 silly fetch manifest gopd@^1.2.0
1269 silly packumentCache full:https://registry.npmjs.org/gopd cache-miss
1270 silly fetch manifest get-proto@^1.0.1
1271 silly packumentCache full:https://registry.npmjs.org/get-proto cache-miss
1272 silly fetch manifest has-symbols@^1.1.0
1273 silly packumentCache full:https://registry.npmjs.org/has-symbols cache-miss
1274 silly fetch manifest es-object-atoms@^1.1.1
1275 silly packumentCache full:https://registry.npmjs.org/es-object-atoms cache-miss
1276 silly fetch manifest math-intrinsics@^1.1.0
1277 silly packumentCache full:https://registry.npmjs.org/math-intrinsics cache-miss
1278 silly fetch manifest es-define-property@^1.0.1
1279 silly packumentCache full:https://registry.npmjs.org/es-define-property cache-miss
1280 silly fetch manifest call-bind-apply-helpers@^1.0.2
1281 silly packumentCache full:https://registry.npmjs.org/call-bind-apply-helpers cache-miss
1282 silly fetch manifest has-symbols@^1.0.3
1283 silly packumentCache full:https://registry.npmjs.org/has-symbols cache-miss
1284 http fetch GET 200 https://registry.npmjs.org/gopd 32ms (cache miss)
1285 silly packumentCache full:https://registry.npmjs.org/gopd set size:undefined disposed:false
1286 http fetch GET 200 https://registry.npmjs.org/has-symbols 31ms (cache miss)
1287 silly packumentCache full:https://registry.npmjs.org/has-symbols set size:undefined disposed:false
1288 http fetch GET 200 https://registry.npmjs.org/es-object-atoms 37ms (cache miss)
1289 silly packumentCache full:https://registry.npmjs.org/es-object-atoms set size:undefined disposed:false
1290 http fetch GET 200 https://registry.npmjs.org/es-define-property 37ms (cache miss)
1291 silly packumentCache full:https://registry.npmjs.org/es-define-property set size:undefined disposed:false
1292 http fetch GET 200 https://registry.npmjs.org/math-intrinsics 37ms (cache miss)
1293 silly packumentCache full:https://registry.npmjs.org/math-intrinsics set size:undefined disposed:false
1294 http fetch GET 200 https://registry.npmjs.org/get-proto 39ms (cache miss)
1295 silly packumentCache full:https://registry.npmjs.org/get-proto set size:undefined disposed:false
1296 http fetch GET 200 https://registry.npmjs.org/has-symbols 38ms (cache miss)
1297 silly packumentCache full:https://registry.npmjs.org/has-symbols set size:undefined disposed:false
1298 http fetch GET 200 https://registry.npmjs.org/call-bind-apply-helpers 250ms (cache miss)
1299 silly packumentCache full:https://registry.npmjs.org/call-bind-apply-helpers set size:undefined disposed:false
1300 silly placeDep ROOT jsonfile@6.2.1 OK for: fs-extra@11.1.0 want: ^6.0.1
1301 silly placeDep ROOT universalify@2.0.1 OK for: fs-extra@11.1.0 want: ^2.0.0
1302 silly placeDep ROOT call-bind-apply-helpers@1.0.2 OK for: get-intrinsic@1.3.0 want: ^1.0.2
1303 silly placeDep ROOT es-define-property@1.0.1 OK for: get-intrinsic@1.3.0 want: ^1.0.1
1304 silly placeDep ROOT es-object-atoms@1.1.2 OK for: get-intrinsic@1.3.0 want: ^1.1.1
1305 silly placeDep ROOT function-bind@1.1.2 OK for: get-intrinsic@1.3.0 want: ^1.1.2
1306 silly placeDep ROOT get-proto@1.0.1 OK for: get-intrinsic@1.3.0 want: ^1.0.1
1307 silly placeDep ROOT gopd@1.2.0 OK for: get-intrinsic@1.3.0 want: ^1.2.0
1308 silly placeDep ROOT has-symbols@1.1.0 OK for: get-intrinsic@1.3.0 want: ^1.1.0
1309 silly placeDep ROOT math-intrinsics@1.1.0 OK for: get-intrinsic@1.3.0 want: ^1.1.0
1310 silly fetch manifest dunder-proto@^1.0.1
1311 silly packumentCache full:https://registry.npmjs.org/dunder-proto cache-miss
1312 http fetch GET 200 https://registry.npmjs.org/dunder-proto 38ms (cache miss)
1313 silly packumentCache full:https://registry.npmjs.org/dunder-proto set size:undefined disposed:false
1314 silly placeDep ROOT dunder-proto@1.0.1 OK for: get-proto@1.0.1 want: ^1.0.1
1315 silly placeDep ROOT pump@3.0.4 OK for: get-stream@5.2.0 want: ^3.0.0
1316 silly fetch manifest end-of-stream@^1.1.0
1317 silly packumentCache full:https://registry.npmjs.org/end-of-stream cache-miss
1318 silly fetch manifest once@^1.3.1
1319 silly packumentCache full:https://registry.npmjs.org/once cache-miss
1320 http cache https://registry.npmjs.org/end-of-stream 4ms (cache hit)
1321 silly packumentCache full:https://registry.npmjs.org/end-of-stream set size:27842 disposed:false
1322 http fetch GET 200 https://registry.npmjs.org/once 32ms (cache miss)
1323 silly packumentCache full:https://registry.npmjs.org/once set size:undefined disposed:false
1324 silly placeDep ROOT minipass@7.1.3 OK for: glob@13.0.6 want: ^7.1.3
1325 silly placeDep ROOT path-scurry@2.0.2 OK for: glob@13.0.6 want: ^2.0.2
1326 silly fetch manifest lru-cache@^11.0.0
1327 silly packumentCache full:https://registry.npmjs.org/lru-cache cache-hit
1328 silly placeDep ROOT agent-base@7.1.4 OK for: https-proxy-agent@7.0.6 want: ^7.1.2
1329 silly placeDep ROOT argparse@2.0.1 OK for: js-yaml@4.1.1 want: ^2.0.1
1330 silly placeDep ROOT ts-toolbelt@6.15.5 OK for: json-schema-to-ts@1.6.4 want: ^6.15.5
1331 silly placeDep ROOT arg@4.1.0 OK for: micro@9.3.5-canary.3 want: 4.1.0
1332 silly placeDep ROOT content-type@1.0.4 OK for: micro@9.3.5-canary.3 want: 1.0.4
1333 silly placeDep ROOT raw-body@2.4.1 OK for: micro@9.3.5-canary.3 want: 2.4.1
1334 silly fetch manifest bytes@3.1.0
1335 silly packumentCache full:https://registry.npmjs.org/bytes cache-miss
1336 silly fetch manifest unpipe@1.0.0
1337 silly packumentCache full:https://registry.npmjs.org/unpipe cache-miss
1338 silly fetch manifest iconv-lite@0.4.24
1339 silly packumentCache full:https://registry.npmjs.org/iconv-lite cache-miss
1340 silly fetch manifest http-errors@1.7.3
1341 silly packumentCache full:https://registry.npmjs.org/http-errors cache-miss
1342 http fetch GET 200 https://registry.npmjs.org/bytes 35ms (cache miss)
1343 silly packumentCache full:https://registry.npmjs.org/bytes set size:undefined disposed:false
1344 http fetch GET 200 https://registry.npmjs.org/unpipe 37ms (cache miss)
1345 silly packumentCache full:https://registry.npmjs.org/unpipe set size:undefined disposed:false
1346 http fetch GET 200 https://registry.npmjs.org/iconv-lite 37ms (cache miss)
1347 silly packumentCache full:https://registry.npmjs.org/iconv-lite set size:undefined disposed:false
1348 http fetch GET 200 https://registry.npmjs.org/http-errors 44ms (cache miss)
1349 silly packumentCache full:https://registry.npmjs.org/http-errors set size:undefined disposed:false
1350 silly placeDep ROOT mime-db@1.52.0 OK for: mime-types@2.1.35 want: 1.52.0
1351 silly placeDep ROOT whatwg-url@5.0.0 OK for: node-fetch@2.6.7 want: ^5.0.0
1352 silly fetch manifest tr46@~0.0.3
1353 silly packumentCache full:https://registry.npmjs.org/tr46 cache-miss
1354 silly fetch manifest webidl-conversions@^3.0.0
1355 silly packumentCache full:https://registry.npmjs.org/webidl-conversions cache-miss
1356 http fetch GET 200 https://registry.npmjs.org/tr46 37ms (cache miss)
1357 silly packumentCache full:https://registry.npmjs.org/tr46 set size:undefined disposed:false
1358 http fetch GET 200 https://registry.npmjs.org/webidl-conversions 45ms (cache miss)
1359 silly packumentCache full:https://registry.npmjs.org/webidl-conversions set size:undefined disposed:false
1360 silly placeDep ROOT abbrev@3.0.1 OK for: nopt@8.1.0 want: ^3.0.0
1361 silly placeDep ROOT mimic-fn@2.1.0 OK for: onetime@5.1.2 want: ^2.1.0
1362 silly placeDep ROOT @oxc-transform/binding-android-arm-eabi@0.111.0 OK for: oxc-transform@0.111.0 want: 0.111.0
1363 silly placeDep ROOT @oxc-transform/binding-android-arm64@0.111.0 OK for: oxc-transform@0.111.0 want: 0.111.0
1364 silly placeDep ROOT @oxc-transform/binding-darwin-arm64@0.111.0 OK for: oxc-transform@0.111.0 want: 0.111.0
1365 silly placeDep ROOT @oxc-transform/binding-darwin-x64@0.111.0 OK for: oxc-transform@0.111.0 want: 0.111.0
1366 silly placeDep ROOT @oxc-transform/binding-freebsd-x64@0.111.0 OK for: oxc-transform@0.111.0 want: 0.111.0
1367 silly placeDep ROOT @oxc-transform/binding-linux-arm-gnueabihf@0.111.0 OK for: oxc-transform@0.111.0 want: 0.111.0
1368 silly placeDep ROOT @oxc-transform/binding-linux-arm-musleabihf@0.111.0 OK for: oxc-transform@0.111.0 want: 0.111.0
1369 silly placeDep ROOT @oxc-transform/binding-linux-arm64-gnu@0.111.0 OK for: oxc-transform@0.111.0 want: 0.111.0
1370 silly placeDep ROOT @oxc-transform/binding-linux-arm64-musl@0.111.0 OK for: oxc-transform@0.111.0 want: 0.111.0
1371 silly placeDep ROOT @oxc-transform/binding-linux-ppc64-gnu@0.111.0 OK for: oxc-transform@0.111.0 want: 0.111.0
1372 silly placeDep ROOT @oxc-transform/binding-linux-riscv64-gnu@0.111.0 OK for: oxc-transform@0.111.0 want: 0.111.0
1373 silly placeDep ROOT @oxc-transform/binding-linux-riscv64-musl@0.111.0 OK for: oxc-transform@0.111.0 want: 0.111.0
1374 silly placeDep ROOT @oxc-transform/binding-linux-s390x-gnu@0.111.0 OK for: oxc-transform@0.111.0 want: 0.111.0
1375 silly placeDep ROOT @oxc-transform/binding-linux-x64-gnu@0.111.0 OK for: oxc-transform@0.111.0 want: 0.111.0
1376 silly placeDep ROOT @oxc-transform/binding-linux-x64-musl@0.111.0 OK for: oxc-transform@0.111.0 want: 0.111.0
1377 silly placeDep ROOT @oxc-transform/binding-openharmony-arm64@0.111.0 OK for: oxc-transform@0.111.0 want: 0.111.0
1378 silly placeDep ROOT @oxc-transform/binding-wasm32-wasi@0.111.0 OK for: oxc-transform@0.111.0 want: 0.111.0
1379 silly placeDep ROOT @oxc-transform/binding-win32-arm64-msvc@0.111.0 OK for: oxc-transform@0.111.0 want: 0.111.0
1380 silly placeDep ROOT @oxc-transform/binding-win32-ia32-msvc@0.111.0 OK for: oxc-transform@0.111.0 want: 0.111.0
1381 silly placeDep ROOT @oxc-transform/binding-win32-x64-msvc@0.111.0 OK for: oxc-transform@0.111.0 want: 0.111.0
1382 silly placeDep node_modules/path-scurry lru-cache@11.5.1 OK for: path-scurry@2.0.2 want: ^11.0.0
1383 silly placeDep ROOT parse-ms@2.1.0 OK for: pretty-ms@7.0.1 want: ^2.1.0
1384 silly placeDep ROOT http-proxy-agent@7.0.2 OK for: proxy-agent@6.4.0 want: ^7.0.1
1385 silly placeDep node_modules/proxy-agent lru-cache@7.18.3 OK for: proxy-agent@6.4.0 want: ^7.14.1
1386 silly placeDep ROOT pac-proxy-agent@7.2.0 OK for: proxy-agent@6.4.0 want: ^7.0.1
1387 silly placeDep ROOT proxy-from-env@1.1.0 OK for: proxy-agent@6.4.0 want: ^1.1.0
1388 silly placeDep ROOT socks-proxy-agent@8.0.5 OK for: proxy-agent@6.4.0 want: ^8.0.2
1389 silly fetch manifest get-uri@^6.0.1
1390 silly packumentCache full:https://registry.npmjs.org/get-uri cache-miss
1391 silly fetch manifest pac-resolver@^7.0.1
1392 silly packumentCache full:https://registry.npmjs.org/pac-resolver cache-miss
1393 silly fetch manifest socks-proxy-agent@^8.0.5
1394 silly packumentCache full:https://registry.npmjs.org/socks-proxy-agent cache-miss
1395 silly fetch manifest @tootallnate/quickjs-emscripten@^0.23.0
1396 silly packumentCache full:https://registry.npmjs.org/@tootallnate%2fquickjs-emscripten cache-miss
1397 silly fetch manifest socks@^2.8.3
1398 silly packumentCache full:https://registry.npmjs.org/socks cache-miss
1399 http cache https://registry.npmjs.org/socks-proxy-agent 5ms (cache hit)
1400 silly packumentCache full:https://registry.npmjs.org/socks-proxy-agent set size:104740 disposed:false
1401 http fetch GET 200 https://registry.npmjs.org/get-uri 37ms (cache miss)
1402 silly packumentCache full:https://registry.npmjs.org/get-uri set size:undefined disposed:false
1403 http fetch GET 200 https://registry.npmjs.org/@tootallnate%2fquickjs-emscripten 44ms (cache miss)
1404 silly packumentCache full:https://registry.npmjs.org/@tootallnate%2fquickjs-emscripten set size:undefined disposed:false
1405 http fetch GET 200 https://registry.npmjs.org/socks 49ms (cache miss)
1406 silly packumentCache full:https://registry.npmjs.org/socks set size:undefined disposed:false
1407 http fetch GET 200 https://registry.npmjs.org/pac-resolver 51ms (cache miss)
1408 silly packumentCache full:https://registry.npmjs.org/pac-resolver set size:undefined disposed:false
1409 silly placeDep ROOT @tootallnate/quickjs-emscripten@0.23.0 OK for: pac-proxy-agent@7.2.0 want: ^0.23.0
1410 silly placeDep ROOT get-uri@6.0.5 OK for: pac-proxy-agent@7.2.0 want: ^6.0.1
1411 silly placeDep ROOT pac-resolver@7.0.1 OK for: pac-proxy-agent@7.2.0 want: ^7.0.1
1412 silly fetch manifest basic-ftp@^5.0.2
1413 silly packumentCache full:https://registry.npmjs.org/basic-ftp cache-miss
1414 silly fetch manifest data-uri-to-buffer@^6.0.2
1415 silly packumentCache full:https://registry.npmjs.org/data-uri-to-buffer cache-miss
1416 silly fetch manifest netmask@^2.0.2
1417 silly packumentCache full:https://registry.npmjs.org/netmask cache-miss
1418 silly fetch manifest degenerator@^5.0.0
1419 silly packumentCache full:https://registry.npmjs.org/degenerator cache-miss
1420 http fetch GET 200 https://registry.npmjs.org/data-uri-to-buffer 38ms (cache miss)
1421 silly packumentCache full:https://registry.npmjs.org/data-uri-to-buffer set size:undefined disposed:false
1422 http fetch GET 200 https://registry.npmjs.org/netmask 39ms (cache miss)
1423 silly packumentCache full:https://registry.npmjs.org/netmask set size:undefined disposed:false
1424 http fetch GET 200 https://registry.npmjs.org/basic-ftp 40ms (cache miss)
1425 silly packumentCache full:https://registry.npmjs.org/basic-ftp set size:undefined disposed:false
1426 http fetch GET 200 https://registry.npmjs.org/degenerator 280ms (cache miss)
1427 silly packumentCache full:https://registry.npmjs.org/degenerator set size:undefined disposed:false
1428 silly placeDep ROOT basic-ftp@5.3.1 OK for: get-uri@6.0.5 want: ^5.0.2
1429 silly placeDep ROOT data-uri-to-buffer@6.0.2 OK for: get-uri@6.0.5 want: ^6.0.2
1430 silly placeDep ROOT degenerator@5.0.1 OK for: pac-resolver@7.0.1 want: ^5.0.0
1431 silly placeDep ROOT netmask@2.1.1 OK for: pac-resolver@7.0.1 want: ^2.0.2
1432 silly fetch manifest esprima@^4.0.1
1433 silly packumentCache full:https://registry.npmjs.org/esprima cache-miss
1434 silly fetch manifest ast-types@^0.13.4
1435 silly packumentCache full:https://registry.npmjs.org/ast-types cache-miss
1436 silly fetch manifest escodegen@^2.1.0
1437 silly packumentCache full:https://registry.npmjs.org/escodegen cache-miss
1438 http fetch GET 200 https://registry.npmjs.org/escodegen 47ms (cache miss)
1439 silly packumentCache full:https://registry.npmjs.org/escodegen set size:undefined disposed:false
1440 http fetch GET 200 https://registry.npmjs.org/esprima 50ms (cache miss)
1441 silly packumentCache full:https://registry.npmjs.org/esprima set size:undefined disposed:false
1442 http fetch GET 200 https://registry.npmjs.org/ast-types 54ms (cache miss)
1443 silly packumentCache full:https://registry.npmjs.org/ast-types set size:undefined disposed:false
1444 silly placeDep ROOT ast-types@0.13.4 OK for: degenerator@5.0.1 want: ^0.13.4
1445 silly placeDep ROOT escodegen@2.1.0 OK for: degenerator@5.0.1 want: ^2.1.0
1446 silly placeDep ROOT esprima@4.0.1 OK for: degenerator@5.0.1 want: ^4.0.1
1447 silly fetch manifest source-map@~0.6.1
1448 silly packumentCache full:https://registry.npmjs.org/source-map cache-miss
1449 http fetch GET 200 https://registry.npmjs.org/source-map 41ms (cache miss)
1450 silly packumentCache full:https://registry.npmjs.org/source-map set size:undefined disposed:false
1451 silly placeDep ROOT source-map@0.6.1 OK for: escodegen@2.1.0 want: ~0.6.1
1452 silly placeDep ROOT end-of-stream@1.4.5 OK for: pump@3.0.4 want: ^1.1.0
1453 silly placeDep ROOT once@1.4.0 OK for: pump@3.0.4 want: ^1.3.1
1454 silly fetch manifest once@^1.4.0
1455 silly packumentCache full:https://registry.npmjs.org/once cache-miss
1456 silly fetch manifest wrappy@1
1457 silly packumentCache full:https://registry.npmjs.org/wrappy cache-miss
1458 http cache https://registry.npmjs.org/once 5ms (cache hit)
1459 silly packumentCache full:https://registry.npmjs.org/once set size:11752 disposed:false
1460 http fetch GET 200 https://registry.npmjs.org/wrappy 43ms (cache miss)
1461 silly packumentCache full:https://registry.npmjs.org/wrappy set size:undefined disposed:false
1462 silly placeDep ROOT wrappy@1.0.2 OK for: once@1.4.0 want: 1
1463 silly placeDep ROOT bytes@3.1.0 OK for: raw-body@2.4.1 want: 3.1.0
1464 silly placeDep ROOT http-errors@1.7.3 OK for: raw-body@2.4.1 want: 1.7.3
1465 silly placeDep ROOT iconv-lite@0.4.24 OK for: raw-body@2.4.1 want: 0.4.24
1466 silly placeDep ROOT unpipe@1.0.0 OK for: raw-body@2.4.1 want: 1.0.0
1467 silly fetch manifest depd@~1.1.2
1468 silly packumentCache full:https://registry.npmjs.org/depd cache-miss
1469 silly fetch manifest inherits@2.0.4
1470 silly packumentCache full:https://registry.npmjs.org/inherits cache-miss
1471 silly fetch manifest statuses@>= 1.5.0 < 2
1472 silly packumentCache full:https://registry.npmjs.org/statuses cache-miss
1473 silly fetch manifest toidentifier@1.0.0
1474 silly packumentCache full:https://registry.npmjs.org/toidentifier cache-miss
1475 silly fetch manifest setprototypeof@1.1.1
1476 silly packumentCache full:https://registry.npmjs.org/setprototypeof cache-miss
1477 silly fetch manifest safer-buffer@>= 2.1.2 < 3
1478 silly packumentCache full:https://registry.npmjs.org/safer-buffer cache-miss
1479 http fetch GET 200 https://registry.npmjs.org/setprototypeof 35ms (cache miss)
1480 silly packumentCache full:https://registry.npmjs.org/setprototypeof set size:undefined disposed:false
1481 http fetch GET 200 https://registry.npmjs.org/statuses 36ms (cache miss)
1482 silly packumentCache full:https://registry.npmjs.org/statuses set size:undefined disposed:false
1483 http fetch GET 200 https://registry.npmjs.org/depd 39ms (cache miss)
1484 silly packumentCache full:https://registry.npmjs.org/depd set size:undefined disposed:false
1485 http fetch GET 200 https://registry.npmjs.org/toidentifier 41ms (cache miss)
1486 silly packumentCache full:https://registry.npmjs.org/toidentifier set size:undefined disposed:false
1487 http fetch GET 200 https://registry.npmjs.org/inherits 41ms (cache miss)
1488 silly packumentCache full:https://registry.npmjs.org/inherits set size:undefined disposed:false
1489 http fetch GET 200 https://registry.npmjs.org/safer-buffer 55ms (cache miss)
1490 silly packumentCache full:https://registry.npmjs.org/safer-buffer set size:undefined disposed:false
1491 silly placeDep ROOT depd@1.1.2 OK for: http-errors@1.7.3 want: ~1.1.2
1492 silly placeDep ROOT inherits@2.0.4 OK for: http-errors@1.7.3 want: 2.0.4
1493 silly placeDep ROOT setprototypeof@1.1.1 OK for: http-errors@1.7.3 want: 1.1.1
1494 silly placeDep ROOT statuses@1.5.0 OK for: http-errors@1.7.3 want: >= 1.5.0 < 2
1495 silly placeDep ROOT toidentifier@1.0.0 OK for: http-errors@1.7.3 want: 1.0.0
1496 silly placeDep ROOT safer-buffer@2.1.2 OK for: iconv-lite@0.4.24 want: >= 2.1.2 < 3
1497 silly placeDep ROOT @vercel/sandbox@1.9.0 OK for: sandbox@2.5.6 want: 1.9.0
1498 silly fetch manifest zod@3.24.4
1499 silly packumentCache full:https://registry.npmjs.org/zod cache-miss
1500 silly fetch manifest undici@^7.16.0
1501 silly packumentCache full:https://registry.npmjs.org/undici cache-miss
1502 silly fetch manifest jsonlines@0.1.1
1503 silly packumentCache full:https://registry.npmjs.org/jsonlines cache-miss
1504 silly fetch manifest tar-stream@3.1.7
1505 silly packumentCache full:https://registry.npmjs.org/tar-stream cache-miss
1506 silly fetch manifest @vercel/oidc@3.2.0
1507 silly packumentCache full:https://registry.npmjs.org/@vercel%2foidc cache-miss
1508 http cache https://registry.npmjs.org/undici 5ms (cache hit)
1509 silly packumentCache full:https://registry.npmjs.org/undici set size:1396737 disposed:false
1510 http cache https://registry.npmjs.org/zod 14ms (cache hit)
1511 silly packumentCache full:https://registry.npmjs.org/zod set size:3552562 disposed:false
1512 http fetch GET 200 https://registry.npmjs.org/tar-stream 34ms (cache miss)
1513 silly packumentCache full:https://registry.npmjs.org/tar-stream set size:undefined disposed:false
1514 http fetch GET 200 https://registry.npmjs.org/@vercel%2foidc 275ms (cache miss)
1515 silly packumentCache full:https://registry.npmjs.org/@vercel%2foidc set size:undefined disposed:false
1516 http fetch GET 200 https://registry.npmjs.org/jsonlines 277ms (cache miss)
1517 silly packumentCache full:https://registry.npmjs.org/jsonlines set size:undefined disposed:false
1518 silly placeDep ROOT @vercel/oidc@3.2.0 OK for: @vercel/sandbox@1.9.0 want: 3.2.0
1519 silly placeDep ROOT jsonlines@0.1.1 OK for: @vercel/sandbox@1.9.0 want: 0.1.1
1520 silly placeDep ROOT tar-stream@3.1.7 OK for: @vercel/sandbox@1.9.0 want: 3.1.7
1521 silly placeDep node_modules/@vercel/sandbox undici@7.26.0 OK for: @vercel/sandbox@1.9.0 want: ^7.16.0
1522 silly placeDep node_modules/@vercel/sandbox xdg-app-paths@5.1.0 OK for: @vercel/sandbox@1.9.0 want: 5.1.0
1523 silly placeDep node_modules/@vercel/sandbox zod@3.24.4 OK for: @vercel/sandbox@1.9.0 want: 3.24.4
1524 silly fetch manifest b4a@^1.6.4
1525 silly packumentCache full:https://registry.npmjs.org/b4a cache-miss
1526 silly fetch manifest streamx@^2.15.0
1527 silly packumentCache full:https://registry.npmjs.org/streamx cache-miss
1528 silly fetch manifest fast-fifo@^1.2.0
1529 silly packumentCache full:https://registry.npmjs.org/fast-fifo cache-miss
1530 http fetch GET 200 https://registry.npmjs.org/fast-fifo 38ms (cache miss)
1531 silly packumentCache full:https://registry.npmjs.org/fast-fifo set size:undefined disposed:false
1532 http fetch GET 200 https://registry.npmjs.org/b4a 40ms (cache miss)
1533 silly packumentCache full:https://registry.npmjs.org/b4a set size:undefined disposed:false
1534 http fetch GET 200 https://registry.npmjs.org/streamx 42ms (cache miss)
1535 silly packumentCache full:https://registry.npmjs.org/streamx set size:undefined disposed:false
1536 silly placeDep ROOT socks@2.8.9 OK for: socks-proxy-agent@8.0.5 want: ^2.8.3
1537 silly fetch manifest ip-address@^10.1.1
1538 silly packumentCache full:https://registry.npmjs.org/ip-address cache-miss
1539 silly fetch manifest smart-buffer@^4.2.0
1540 silly packumentCache full:https://registry.npmjs.org/smart-buffer cache-miss
1541 http fetch GET 200 https://registry.npmjs.org/smart-buffer 48ms (cache miss)
1542 silly packumentCache full:https://registry.npmjs.org/smart-buffer set size:undefined disposed:false
1543 http fetch GET 200 https://registry.npmjs.org/ip-address 50ms (cache miss)
1544 silly packumentCache full:https://registry.npmjs.org/ip-address set size:undefined disposed:false
1545 silly placeDep ROOT ip-address@10.2.0 OK for: socks@2.8.9 want: ^10.1.1
1546 silly placeDep ROOT smart-buffer@4.2.0 OK for: socks@2.8.9 want: ^4.2.0
1547 silly placeDep ROOT cookie-es@2.0.1 OK for: srvx@0.8.9 want: ^2.0.0
1548 silly placeDep ROOT any-promise@1.3.0 OK for: stream-to-promise@2.2.0 want: ~1.3.0
1549 silly placeDep node_modules/stream-to-promise end-of-stream@1.1.0 OK for: stream-to-promise@2.2.0 want: ~1.1.0
1550 silly placeDep ROOT stream-to-array@2.3.0 OK for: stream-to-promise@2.2.0 want: ~2.3.0
1551 silly fetch manifest once@~1.3.0
1552 silly packumentCache full:https://registry.npmjs.org/once cache-hit
1553 silly placeDep ROOT @isaacs/fs-minipass@4.0.1 OK for: tar@7.5.7 want: ^4.0.0
1554 silly placeDep ROOT chownr@3.0.0 OK for: tar@7.5.7 want: ^3.0.0
1555 silly placeDep ROOT minizlib@3.1.0 OK for: tar@7.5.7 want: ^3.1.0
1556 silly placeDep node_modules/tar yallist@5.0.0 OK for: tar@7.5.7 want: ^5.0.0
1557 silly fetch manifest react-native-b4a@*
1558 silly packumentCache full:https://registry.npmjs.org/react-native-b4a cache-miss
1559 http fetch GET 200 https://registry.npmjs.org/react-native-b4a 102ms (cache miss)
1560 silly packumentCache full:https://registry.npmjs.org/react-native-b4a set size:undefined disposed:false
1561 silly fetch manifest react@*
1562 silly packumentCache full:https://registry.npmjs.org/react cache-miss
1563 http fetch GET 200 https://registry.npmjs.org/react 150ms (cache miss)
1564 silly packumentCache full:https://registry.npmjs.org/react set size:undefined disposed:false
1565 silly fetch manifest react-native@*
1566 silly packumentCache full:https://registry.npmjs.org/react-native cache-miss
1567 http fetch GET 200 https://registry.npmjs.org/react-native 260ms (cache miss)
1568 silly packumentCache full:https://registry.npmjs.org/react-native set size:undefined disposed:false
1569 silly fetch manifest @react-native/jest-preset@0.85.3
1570 silly packumentCache full:https://registry.npmjs.org/@react-native%2fjest-preset cache-miss
1571 http fetch GET 200 https://registry.npmjs.org/@react-native%2fjest-preset 45ms (cache miss)
1572 silly packumentCache full:https://registry.npmjs.org/@react-native%2fjest-preset set size:undefined disposed:false
1573 silly fetch manifest @types/react@^19.1.1
1574 silly packumentCache full:https://registry.npmjs.org/@types%2freact cache-miss
1575 http fetch GET 200 https://registry.npmjs.org/@types%2freact 152ms (cache miss)
1576 silly packumentCache full:https://registry.npmjs.org/@types%2freact set size:undefined disposed:false
1577 silly placeDep ROOT b4a@1.8.1 OK for: tar-stream@3.1.7 want: ^1.6.4
1578 silly placeDep ROOT fast-fifo@1.3.2 OK for: tar-stream@3.1.7 want: ^1.2.0
1579 silly placeDep ROOT streamx@2.26.0 OK for: tar-stream@3.1.7 want: ^2.15.0
1580 silly fetch manifest events-universal@^1.0.0
1581 silly packumentCache full:https://registry.npmjs.org/events-universal cache-miss
1582 silly fetch manifest text-decoder@^1.1.0
1583 silly packumentCache full:https://registry.npmjs.org/text-decoder cache-miss
1584 http fetch GET 200 https://registry.npmjs.org/events-universal 33ms (cache miss)
1585 silly packumentCache full:https://registry.npmjs.org/events-universal set size:undefined disposed:false
1586 http fetch GET 200 https://registry.npmjs.org/text-decoder 33ms (cache miss)
1587 silly packumentCache full:https://registry.npmjs.org/text-decoder set size:undefined disposed:false
1588 silly placeDep ROOT events-universal@1.0.1 OK for: streamx@2.26.0 want: ^1.0.0
1589 silly placeDep ROOT text-decoder@1.2.7 OK for: streamx@2.26.0 want: ^1.1.0
1590 silly fetch manifest bare-events@^2.7.0
1591 silly packumentCache full:https://registry.npmjs.org/bare-events cache-miss
1592 http fetch GET 200 https://registry.npmjs.org/bare-events 38ms (cache miss)
1593 silly packumentCache full:https://registry.npmjs.org/bare-events set size:undefined disposed:false
1594 silly fetch manifest bare-abort-controller@*
1595 silly packumentCache full:https://registry.npmjs.org/bare-abort-controller cache-miss
1596 http fetch GET 200 https://registry.npmjs.org/bare-abort-controller 38ms (cache miss)
1597 silly packumentCache full:https://registry.npmjs.org/bare-abort-controller set size:undefined disposed:false
1598 silly placeDep ROOT bare-events@2.8.3 OK for: events-universal@1.0.1 want: ^2.7.0
1599 silly placeDep ROOT convert-hrtime@3.0.0 OK for: time-span@4.0.0 want: ^3.0.0
1600 silly placeDep ROOT @ts-morph/common@0.11.1 OK for: ts-morph@12.0.0 want: ~0.11.0
1601 silly placeDep ROOT code-block-writer@10.1.1 OK for: ts-morph@12.0.0 want: ^10.1.1
1602 silly fetch manifest mkdirp@^1.0.4
1603 silly packumentCache full:https://registry.npmjs.org/mkdirp cache-miss
1604 silly fetch manifest fast-glob@^3.2.7
1605 silly packumentCache full:https://registry.npmjs.org/fast-glob cache-miss
1606 silly fetch manifest minimatch@^3.0.4
1607 silly packumentCache full:https://registry.npmjs.org/minimatch cache-miss
1608 silly fetch manifest path-browserify@^1.0.1
1609 silly packumentCache full:https://registry.npmjs.org/path-browserify cache-miss
1610 http cache https://registry.npmjs.org/minimatch 4ms (cache hit)
1611 silly packumentCache full:https://registry.npmjs.org/minimatch set size:375282 disposed:false
1612 http fetch GET 200 https://registry.npmjs.org/path-browserify 40ms (cache miss)
1613 silly packumentCache full:https://registry.npmjs.org/path-browserify set size:undefined disposed:false
1614 http fetch GET 200 https://registry.npmjs.org/fast-glob 42ms (cache miss)
1615 silly packumentCache full:https://registry.npmjs.org/fast-glob set size:undefined disposed:false
1616 http fetch GET 200 https://registry.npmjs.org/mkdirp 45ms (cache miss)
1617 silly packumentCache full:https://registry.npmjs.org/mkdirp set size:undefined disposed:false
1618 silly placeDep ROOT fast-glob@3.3.3 OK for: @ts-morph/common@0.11.1 want: ^3.2.7
1619 silly placeDep node_modules/@ts-morph/common minimatch@3.1.5 OK for: @ts-morph/common@0.11.1 want: ^3.0.4
1620 silly placeDep ROOT mkdirp@1.0.4 OK for: @ts-morph/common@0.11.1 want: ^1.0.4
1621 silly placeDep ROOT path-browserify@1.0.1 OK for: @ts-morph/common@0.11.1 want: ^1.0.1
1622 silly fetch manifest @nodelib/fs.stat@^2.0.2
1623 silly packumentCache full:https://registry.npmjs.org/@nodelib%2ffs.stat cache-miss
1624 silly fetch manifest @nodelib/fs.walk@^1.2.3
1625 silly packumentCache full:https://registry.npmjs.org/@nodelib%2ffs.walk cache-miss
1626 silly fetch manifest glob-parent@^5.1.2
1627 silly packumentCache full:https://registry.npmjs.org/glob-parent cache-miss
1628 silly fetch manifest merge2@^1.3.0
1629 silly packumentCache full:https://registry.npmjs.org/merge2 cache-miss
1630 silly fetch manifest micromatch@^4.0.8
1631 silly packumentCache full:https://registry.npmjs.org/micromatch cache-miss
1632 silly fetch manifest brace-expansion@^1.1.7
1633 silly packumentCache full:https://registry.npmjs.org/brace-expansion cache-miss
1634 http fetch GET 200 https://registry.npmjs.org/merge2 33ms (cache miss)
1635 silly packumentCache full:https://registry.npmjs.org/merge2 set size:undefined disposed:false
1636 http fetch GET 200 https://registry.npmjs.org/glob-parent 40ms (cache miss)
1637 silly packumentCache full:https://registry.npmjs.org/glob-parent set size:undefined disposed:false
1638 http fetch GET 200 https://registry.npmjs.org/brace-expansion 41ms (cache miss)
1639 silly packumentCache full:https://registry.npmjs.org/brace-expansion set size:undefined disposed:false
1640 http fetch GET 200 https://registry.npmjs.org/@nodelib%2ffs.stat 44ms (cache miss)
1641 silly packumentCache full:https://registry.npmjs.org/@nodelib%2ffs.stat set size:undefined disposed:false
1642 http fetch GET 200 https://registry.npmjs.org/@nodelib%2ffs.walk 45ms (cache miss)
1643 silly packumentCache full:https://registry.npmjs.org/@nodelib%2ffs.walk set size:undefined disposed:false
1644 http fetch GET 200 https://registry.npmjs.org/micromatch 48ms (cache miss)
1645 silly packumentCache full:https://registry.npmjs.org/micromatch set size:undefined disposed:false
1646 silly placeDep ROOT @nodelib/fs.stat@2.0.5 OK for: fast-glob@3.3.3 want: ^2.0.2
1647 silly placeDep ROOT @nodelib/fs.walk@1.2.8 OK for: fast-glob@3.3.3 want: ^1.2.3
1648 silly placeDep node_modules/fast-glob glob-parent@5.1.2 OK for: fast-glob@3.3.3 want: ^5.1.2
1649 silly placeDep ROOT merge2@1.4.1 OK for: fast-glob@3.3.3 want: ^1.3.0
1650 silly placeDep ROOT micromatch@4.0.8 OK for: fast-glob@3.3.3 want: ^4.0.8
1651 silly fetch manifest fastq@^1.6.0
1652 silly packumentCache full:https://registry.npmjs.org/fastq cache-miss
1653 silly fetch manifest @nodelib/fs.scandir@2.1.5
1654 silly packumentCache full:https://registry.npmjs.org/@nodelib%2ffs.scandir cache-miss
1655 silly fetch manifest braces@^3.0.3
1656 silly packumentCache full:https://registry.npmjs.org/braces cache-miss
1657 silly fetch manifest picomatch@^2.3.1
1658 silly packumentCache full:https://registry.npmjs.org/picomatch cache-miss
1659 http fetch GET 200 https://registry.npmjs.org/picomatch 36ms (cache miss)
1660 silly packumentCache full:https://registry.npmjs.org/picomatch set size:undefined disposed:false
1661 http fetch GET 200 https://registry.npmjs.org/fastq 40ms (cache miss)
1662 silly packumentCache full:https://registry.npmjs.org/fastq set size:undefined disposed:false
1663 http fetch GET 200 https://registry.npmjs.org/braces 41ms (cache miss)
1664 silly packumentCache full:https://registry.npmjs.org/braces set size:undefined disposed:false
1665 http fetch GET 200 https://registry.npmjs.org/@nodelib%2ffs.scandir 50ms (cache miss)
1666 silly packumentCache full:https://registry.npmjs.org/@nodelib%2ffs.scandir set size:undefined disposed:false
1667 silly placeDep ROOT @nodelib/fs.scandir@2.1.5 OK for: @nodelib/fs.walk@1.2.8 want: 2.1.5
1668 silly placeDep ROOT fastq@1.20.1 OK for: @nodelib/fs.walk@1.2.8 want: ^1.6.0
1669 silly fetch manifest run-parallel@^1.1.9
1670 silly packumentCache full:https://registry.npmjs.org/run-parallel cache-miss
1671 silly fetch manifest reusify@^1.0.4
1672 silly packumentCache full:https://registry.npmjs.org/reusify cache-miss
1673 http fetch GET 200 https://registry.npmjs.org/run-parallel 30ms (cache miss)
1674 silly packumentCache full:https://registry.npmjs.org/run-parallel set size:undefined disposed:false
1675 http fetch GET 200 https://registry.npmjs.org/reusify 37ms (cache miss)
1676 silly packumentCache full:https://registry.npmjs.org/reusify set size:undefined disposed:false
1677 silly placeDep ROOT run-parallel@1.2.0 OK for: @nodelib/fs.scandir@2.1.5 want: ^1.1.9
1678 silly fetch manifest queue-microtask@^1.2.2
1679 silly packumentCache full:https://registry.npmjs.org/queue-microtask cache-miss
1680 http fetch GET 200 https://registry.npmjs.org/queue-microtask 36ms (cache miss)
1681 silly packumentCache full:https://registry.npmjs.org/queue-microtask set size:undefined disposed:false
1682 silly placeDep ROOT reusify@1.1.0 OK for: fastq@1.20.1 want: ^1.0.4
1683 silly placeDep ROOT braces@3.0.3 OK for: micromatch@4.0.8 want: ^3.0.3
1684 silly placeDep node_modules/micromatch picomatch@2.3.2 OK for: micromatch@4.0.8 want: ^2.3.1
1685 silly fetch manifest fill-range@^7.1.1
1686 silly packumentCache full:https://registry.npmjs.org/fill-range cache-miss
1687 http fetch GET 200 https://registry.npmjs.org/fill-range 34ms (cache miss)
1688 silly packumentCache full:https://registry.npmjs.org/fill-range set size:undefined disposed:false
1689 silly placeDep ROOT fill-range@7.1.1 OK for: braces@3.0.3 want: ^7.1.1
1690 silly fetch manifest to-regex-range@^5.0.1
1691 silly packumentCache full:https://registry.npmjs.org/to-regex-range cache-miss
1692 http fetch GET 200 https://registry.npmjs.org/to-regex-range 39ms (cache miss)
1693 silly packumentCache full:https://registry.npmjs.org/to-regex-range set size:undefined disposed:false
1694 silly placeDep ROOT to-regex-range@5.0.1 OK for: fill-range@7.1.1 want: ^5.0.1
1695 silly fetch manifest is-number@^7.0.0
1696 silly packumentCache full:https://registry.npmjs.org/is-number cache-miss
1697 http fetch GET 200 https://registry.npmjs.org/is-number 33ms (cache miss)
1698 silly packumentCache full:https://registry.npmjs.org/is-number set size:undefined disposed:false
1699 silly placeDep ROOT queue-microtask@1.2.3 OK for: run-parallel@1.2.0 want: ^1.2.2
1700 silly placeDep ROOT is-number@7.0.0 OK for: to-regex-range@5.0.1 want: ^7.0.0
1701 silly placeDep ROOT get-tsconfig@4.14.0 OK for: tsx@4.21.0 want: ^4.7.5
1702 silly fetch manifest resolve-pkg-maps@^1.0.0
1703 silly packumentCache full:https://registry.npmjs.org/resolve-pkg-maps cache-miss
1704 http fetch GET 200 https://registry.npmjs.org/resolve-pkg-maps 41ms (cache miss)
1705 silly packumentCache full:https://registry.npmjs.org/resolve-pkg-maps set size:undefined disposed:false
1706 silly placeDep ROOT resolve-pkg-maps@1.0.0 OK for: get-tsconfig@4.14.0 want: ^1.0.0
1707 silly fetch manifest @types/node@^20.19.0 || >=22.12.0
1708 silly packumentCache full:https://registry.npmjs.org/@types%2fnode cache-miss
1709 http cache https://registry.npmjs.org/@types%2fnode 19ms (cache hit)
1710 silly packumentCache full:https://registry.npmjs.org/@types%2fnode set size:11015753 disposed:false
1711 silly placeDep ROOT @types/node@25.9.1 REPLACE for: vite@8.0.13 want: ^20.19.0 || >=22.12.0
1712 silly fetch manifest undici-types@>=7.24.0 <7.24.7
1713 silly packumentCache full:https://registry.npmjs.org/undici-types cache-miss
1714 http cache https://registry.npmjs.org/undici-types 3ms (cache hit)
1715 silly packumentCache full:https://registry.npmjs.org/undici-types set size:218393 disposed:false
1716 silly placeDep ROOT undici-types@7.24.6 OK for: @types/node@25.9.1 want: >=7.24.0 <7.24.7
1717 silly placeDep node_modules/@vercel/node @types/node@20.11.0 OK for: @vercel/node@5.8.7 want: 20.11.0
1718 silly placeDep ROOT tr46@0.0.3 OK for: whatwg-url@5.0.0 want: ~0.0.3
1719 silly placeDep ROOT webidl-conversions@3.0.1 OK for: whatwg-url@5.0.0 want: ^3.0.0
1720 silly placeDep ROOT os-paths@4.4.0 OK for: xdg-app-paths@5.5.1 want: ^4.0.1
1721 silly placeDep ROOT xdg-portable@7.3.0 OK for: xdg-app-paths@5.5.1 want: ^7.2.0
1722 silly placeDep ROOT yauzl@2.10.0 OK for: yauzl-promise@2.1.3 want: ^2.9.1
1723 silly placeDep ROOT yauzl-clone@1.0.4 OK for: yauzl-promise@2.1.3 want: ^1.0.4
1724 silly fetch manifest fd-slicer@~1.1.0
1725 silly packumentCache full:https://registry.npmjs.org/fd-slicer cache-miss
1726 silly fetch manifest buffer-crc32@~0.2.3
1727 silly packumentCache full:https://registry.npmjs.org/buffer-crc32 cache-miss
1728 silly fetch manifest events-intercept@^2.0.0
1729 silly packumentCache full:https://registry.npmjs.org/events-intercept cache-miss
1730 http fetch GET 200 https://registry.npmjs.org/events-intercept 31ms (cache miss)
1731 silly packumentCache full:https://registry.npmjs.org/events-intercept set size:undefined disposed:false
1732 http fetch GET 200 https://registry.npmjs.org/buffer-crc32 33ms (cache miss)
1733 silly packumentCache full:https://registry.npmjs.org/buffer-crc32 set size:undefined disposed:false
1734 http fetch GET 200 https://registry.npmjs.org/fd-slicer 37ms (cache miss)
1735 silly packumentCache full:https://registry.npmjs.org/fd-slicer set size:undefined disposed:false
1736 silly placeDep ROOT buffer-crc32@0.2.13 OK for: yauzl@2.10.0 want: ~0.2.3
1737 silly placeDep ROOT fd-slicer@1.1.0 OK for: yauzl@2.10.0 want: ~1.1.0
1738 silly fetch manifest pend@~1.2.0
1739 silly packumentCache full:https://registry.npmjs.org/pend cache-miss
1740 http fetch GET 200 https://registry.npmjs.org/pend 34ms (cache miss)
1741 silly packumentCache full:https://registry.npmjs.org/pend set size:undefined disposed:false
1742 silly placeDep ROOT pend@1.2.0 OK for: fd-slicer@1.1.0 want: ~1.2.0
1743 silly placeDep ROOT events-intercept@2.0.0 OK for: yauzl-clone@1.0.4 want: ^2.0.0
1744 silly placeDep node_modules/@ts-morph/common brace-expansion@1.1.15 OK for: minimatch@3.1.5 want: ^1.1.7
1745 silly fetch manifest balanced-match@^1.0.0
1746 silly packumentCache full:https://registry.npmjs.org/balanced-match cache-miss
1747 silly fetch manifest concat-map@0.0.1
1748 silly packumentCache full:https://registry.npmjs.org/concat-map cache-miss
1749 http fetch GET 200 https://registry.npmjs.org/concat-map 27ms (cache miss)
1750 silly packumentCache full:https://registry.npmjs.org/concat-map set size:undefined disposed:false
1751 http fetch GET 200 https://registry.npmjs.org/balanced-match 32ms (cache miss)
1752 silly packumentCache full:https://registry.npmjs.org/balanced-match set size:undefined disposed:false
1753 silly placeDep node_modules/@ts-morph/common balanced-match@1.0.2 OK for: brace-expansion@1.1.15 want: ^1.0.0
1754 silly placeDep ROOT concat-map@0.0.1 OK for: brace-expansion@1.1.15 want: 0.0.1
1755 silly placeDep node_modules/@vercel/backends @oxc-project/types@0.110.0 OK for: rolldown@1.0.0-rc.1 want: =0.110.0
1756 silly placeDep node_modules/@vercel/backends @rolldown/binding-android-arm64@1.0.0-rc.1 OK for: rolldown@1.0.0-rc.1 want: 1.0.0-rc.1
1757 silly placeDep node_modules/@vercel/backends @rolldown/binding-darwin-arm64@1.0.0-rc.1 OK for: rolldown@1.0.0-rc.1 want: 1.0.0-rc.1
1758 silly placeDep node_modules/@vercel/backends @rolldown/binding-darwin-x64@1.0.0-rc.1 OK for: rolldown@1.0.0-rc.1 want: 1.0.0-rc.1
1759 silly placeDep node_modules/@vercel/backends @rolldown/binding-freebsd-x64@1.0.0-rc.1 OK for: rolldown@1.0.0-rc.1 want: 1.0.0-rc.1
1760 silly placeDep node_modules/@vercel/backends @rolldown/binding-linux-arm-gnueabihf@1.0.0-rc.1 OK for: rolldown@1.0.0-rc.1 want: 1.0.0-rc.1
1761 silly placeDep node_modules/@vercel/backends @rolldown/binding-linux-arm64-gnu@1.0.0-rc.1 OK for: rolldown@1.0.0-rc.1 want: 1.0.0-rc.1
1762 silly placeDep node_modules/@vercel/backends @rolldown/binding-linux-arm64-musl@1.0.0-rc.1 OK for: rolldown@1.0.0-rc.1 want: 1.0.0-rc.1
1763 silly placeDep node_modules/@vercel/backends @rolldown/binding-linux-x64-gnu@1.0.0-rc.1 OK for: rolldown@1.0.0-rc.1 want: 1.0.0-rc.1
1764 silly placeDep node_modules/@vercel/backends @rolldown/binding-linux-x64-musl@1.0.0-rc.1 OK for: rolldown@1.0.0-rc.1 want: 1.0.0-rc.1
1765 silly placeDep node_modules/@vercel/backends @rolldown/binding-openharmony-arm64@1.0.0-rc.1 OK for: rolldown@1.0.0-rc.1 want: 1.0.0-rc.1
1766 silly placeDep node_modules/@vercel/backends @rolldown/binding-wasm32-wasi@1.0.0-rc.1 OK for: rolldown@1.0.0-rc.1 want: 1.0.0-rc.1
1767 silly placeDep node_modules/@vercel/backends @rolldown/binding-win32-arm64-msvc@1.0.0-rc.1 OK for: rolldown@1.0.0-rc.1 want: 1.0.0-rc.1
1768 silly placeDep node_modules/@vercel/backends @rolldown/binding-win32-x64-msvc@1.0.0-rc.1 OK for: rolldown@1.0.0-rc.1 want: 1.0.0-rc.1
1769 silly placeDep node_modules/@vercel/backends @rolldown/pluginutils@1.0.0-rc.1 OK for: rolldown@1.0.0-rc.1 want: 1.0.0-rc.1
1770 silly placeDep node_modules/@vercel/fun/node_modules/debug ms@2.1.2 OK for: debug@4.3.4 want: 2.1.2
1771 silly placeDep node_modules/@vercel/fun lru-cache@6.0.0 OK for: semver@7.5.4 want: ^6.0.0
1772 silly fetch manifest yallist@^4.0.0
1773 silly packumentCache full:https://registry.npmjs.org/yallist cache-miss
1774 http cache https://registry.npmjs.org/yallist 1ms (cache hit)
1775 silly packumentCache full:https://registry.npmjs.org/yallist set size:34610 disposed:false
1776 silly placeDep node_modules/@vercel/fun yallist@4.0.0 OK for: lru-cache@6.0.0 want: ^4.0.0
1777 silly placeDep node_modules/@vercel/node undici-types@5.26.5 OK for: @types/node@20.11.0 want: ~5.26.4
1778 silly placeDep ROOT @fastify/busboy@2.1.1 OK for: undici@5.28.4 want: ^2.0.0
1779 silly placeDep ROOT @isaacs/brace-expansion@5.0.1 OK for: minimatch@10.1.1 want: ^5.0.0
1780 silly fetch manifest @isaacs/balanced-match@^4.0.1
1781 silly packumentCache full:https://registry.npmjs.org/@isaacs%2fbalanced-match cache-miss
1782 http fetch GET 200 https://registry.npmjs.org/@isaacs%2fbalanced-match 59ms (cache miss)
1783 silly packumentCache full:https://registry.npmjs.org/@isaacs%2fbalanced-match set size:undefined disposed:false
1784 silly placeDep ROOT @isaacs/balanced-match@4.0.1 OK for: @isaacs/brace-expansion@5.0.1 want: ^4.0.1
1785 silly placeDep node_modules/@vercel/rust get-stream@6.0.1 OK for: execa@5.1.1 want: ^6.0.0
1786 silly placeDep node_modules/@vercel/rust human-signals@2.1.0 OK for: execa@5.1.1 want: ^2.1.0
1787 silly placeDep node_modules/@vercel/rust signal-exit@3.0.7 OK for: execa@5.1.1 want: ^3.0.3
1788 silly placeDep node_modules/@vercel/static-config json-schema-traverse@1.0.0 OK for: ajv@8.6.3 want: ^1.0.0
1789 silly placeDep ROOT require-from-string@2.0.2 OK for: ajv@8.6.3 want: ^2.0.2
1790 silly placeDep node_modules/stream-to-promise once@1.3.3 OK for: end-of-stream@1.1.0 want: ~1.3.0
1791 silly reify moves {}
1792 silly audit bulk request {
1792 silly audit   '@babel/code-frame': [ '7.29.0' ],
1792 silly audit   '@babel/compat-data': [ '7.29.3' ],
1792 silly audit   '@babel/core': [ '7.29.0' ],
1792 silly audit   '@babel/generator': [ '7.29.1' ],
1792 silly audit   '@babel/helper-compilation-targets': [ '7.28.6' ],
1792 silly audit   '@babel/helper-globals': [ '7.28.0' ],
1792 silly audit   '@babel/helper-module-imports': [ '7.28.6' ],
1792 silly audit   '@babel/helper-module-transforms': [ '7.28.6' ],
1792 silly audit   '@babel/helper-string-parser': [ '7.27.1' ],
1792 silly audit   '@babel/helper-validator-identifier': [ '7.28.5' ],
1792 silly audit   '@babel/helper-validator-option': [ '7.27.1' ],
1792 silly audit   '@babel/helpers': [ '7.29.2' ],
1792 silly audit   '@babel/parser': [ '7.29.3' ],
1792 silly audit   '@babel/template': [ '7.28.6' ],
1792 silly audit   '@babel/traverse': [ '7.29.0' ],
1792 silly audit   '@babel/types': [ '7.29.0' ],
1792 silly audit   '@emnapi/core': [ '1.10.0' ],
1792 silly audit   '@emnapi/runtime': [ '1.10.0' ],
1792 silly audit   '@emnapi/wasi-threads': [ '1.2.1' ],
1792 silly audit   '@eslint-community/eslint-utils': [ '4.9.1' ],
1792 silly audit   'eslint-visitor-keys': [ '3.4.3', '5.0.1' ],
1792 silly audit   '@eslint-community/regexpp': [ '4.12.2' ],
1792 silly audit   '@eslint/config-array': [ '0.23.5' ],
1792 silly audit   '@eslint/config-helpers': [ '0.6.0' ],
1792 silly audit   '@eslint/core': [ '1.2.1' ],
1792 silly audit   '@eslint/js': [ '10.0.1' ],
1792 silly audit   '@eslint/object-schema': [ '3.0.5' ],
1792 silly audit   '@eslint/plugin-kit': [ '0.7.1' ],
1792 silly audit   '@humanfs/core': [ '0.19.2' ],
1792 silly audit   '@humanfs/node': [ '0.16.8' ],
1792 silly audit   '@humanfs/types': [ '0.15.0' ],
1792 silly audit   '@humanwhocodes/module-importer': [ '1.0.1' ],
1792 silly audit   '@humanwhocodes/retry': [ '0.4.3' ],
1792 silly audit   '@jridgewell/gen-mapping': [ '0.3.13' ],
1792 silly audit   '@jridgewell/remapping': [ '2.3.5' ],
1792 silly audit   '@jridgewell/resolve-uri': [ '3.1.2' ],
1792 silly audit   '@jridgewell/sourcemap-codec': [ '1.5.5' ],
1792 silly audit   '@jridgewell/trace-mapping': [ '0.3.31' ],
1792 silly audit   '@mediapipe/camera_utils': [ '0.3.1675466862' ],
1792 silly audit   '@mediapipe/face_mesh': [ '0.4.1633559619' ],
1792 silly audit   '@napi-rs/wasm-runtime': [ '1.1.4' ],
1792 silly audit   '@oxc-project/types': [ '0.130.0', '0.110.0' ],
1792 silly audit   '@rolldown/binding-android-arm64': [ '1.0.1', '1.0.0-rc.1' ],
1792 silly audit   '@rolldown/binding-darwin-arm64': [ '1.0.1', '1.0.0-rc.1' ],
1792 silly audit   '@rolldown/binding-darwin-x64': [ '1.0.1', '1.0.0-rc.1' ],
1792 silly audit   '@rolldown/binding-freebsd-x64': [ '1.0.1', '1.0.0-rc.1' ],
1792 silly audit   '@rolldown/binding-linux-arm-gnueabihf': [ '1.0.1', '1.0.0-rc.1' ],
1792 silly audit   '@rolldown/binding-linux-arm64-gnu': [ '1.0.1', '1.0.0-rc.1' ],
1792 silly audit   '@rolldown/binding-linux-arm64-musl': [ '1.0.1', '1.0.0-rc.1' ],
1792 silly audit   '@rolldown/binding-linux-ppc64-gnu': [ '1.0.1' ],
1792 silly audit   '@rolldown/binding-linux-s390x-gnu': [ '1.0.1' ],
1792 silly audit   '@rolldown/binding-linux-x64-gnu': [ '1.0.1', '1.0.0-rc.1' ],
1792 silly audit   '@rolldown/binding-linux-x64-musl': [ '1.0.1', '1.0.0-rc.1' ],
1792 silly audit   '@rolldown/binding-openharmony-arm64': [ '1.0.1', '1.0.0-rc.1' ],
1792 silly audit   '@rolldown/binding-wasm32-wasi': [ '1.0.1', '1.0.0-rc.1' ],
1792 silly audit   '@rolldown/binding-win32-arm64-msvc': [ '1.0.1', '1.0.0-rc.1' ],
1792 silly audit   '@rolldown/binding-win32-x64-msvc': [ '1.0.1', '1.0.0-rc.1' ],
1792 silly audit   '@rolldown/pluginutils': [ '1.0.1', '1.0.0-rc.1' ],
1792 silly audit   '@tybys/wasm-util': [ '0.10.2' ],
1792 silly audit   '@types/esrecurse': [ '4.3.1' ],
1792 silly audit   '@types/estree': [ '1.0.9' ],
1792 silly audit   '@types/json-schema': [ '7.0.15' ],
1792 silly audit   '@types/react': [ '19.2.14' ],
1792 silly audit   '@types/react-dom': [ '19.2.3' ],
1792 silly audit   '@vitejs/plugin-react': [ '6.0.2' ],
1792 silly audit   acorn: [ '8.16.0' ],
1792 silly audit   'acorn-jsx': [ '5.3.2' ],
1792 silly audit   ajv: [ '6.15.0', '8.6.3' ],
1792 silly audit   'balanced-match': [ '4.0.4', '1.0.2' ],
1792 silly audit   'baseline-browser-mapping': [ '2.10.31' ],
1792 silly audit   'brace-expansion': [ '5.0.6', '1.1.15' ],
1792 silly audit   browserslist: [ '4.28.2' ],
1792 silly audit   'caniuse-lite': [ '1.0.30001793' ],
1792 silly audit   'convert-source-map': [ '2.0.0' ],
1792 silly audit   cookie: [ '1.1.1' ],
1792 silly audit   'cross-spawn': [ '7.0.6' ],
1792 silly audit   csstype: [ '3.2.3' ],
1792 silly audit   debug: [ '4.4.3', '4.3.4' ],
1792 silly audit   'deep-is': [ '0.1.4' ],
1792 silly audit   'detect-libc': [ '2.1.2' ],
1792 silly audit   'electron-to-chromium': [ '1.5.359' ],
1792 silly audit   escalade: [ '3.2.0' ],
1792 silly audit   'escape-string-regexp': [ '4.0.0' ],
1792 silly audit   eslint: [ '10.4.0' ],
1792 silly audit   'eslint-plugin-react-hooks': [ '7.1.1' ],
1792 silly audit   'eslint-plugin-react-refresh': [ '0.5.2' ],
1792 silly audit   'eslint-scope': [ '9.1.2' ],
1792 silly audit   espree: [ '11.2.0' ],
1792 silly audit   esquery: [ '1.7.0' ],
1792 silly audit   esrecurse: [ '4.3.0' ],
1792 silly audit   estraverse: [ '5.3.0' ],
1792 silly audit   esutils: [ '2.0.3' ],
1792 silly audit   'fast-deep-equal': [ '3.1.3' ],
1792 silly audit   'fast-json-stable-stringify': [ '2.1.0' ],
1792 silly audit   'fast-levenshtein': [ '2.0.6' ],
1792 silly audit   fdir: [ '6.5.0' ],
1792 silly audit   'file-entry-cache': [ '8.0.0' ],
1792 silly audit   'find-up': [ '5.0.0' ],
1792 silly audit   'flat-cache': [ '4.0.1' ],
1792 silly audit   flatted: [ '3.4.2' ],
1792 silly audit   fsevents: [ '2.3.3' ],
1792 silly audit   gensync: [ '1.0.0-beta.2' ],
1792 silly audit   'glob-parent': [ '6.0.2', '5.1.2' ],
1792 silly audit   globals: [ '17.6.0' ],
1792 silly audit   'hermes-estree': [ '0.25.1' ],
1792 silly audit   'hermes-parser': [ '0.25.1' ],
1792 silly audit   ignore: [ '5.3.2' ],
1792 silly audit   immediate: [ '3.0.6' ],
1792 silly audit   imurmurhash: [ '0.1.4' ],
1792 silly audit   'is-extglob': [ '2.1.1' ],
1792 silly audit   'is-glob': [ '4.0.3' ],
1792 silly audit   isexe: [ '2.0.0' ],
1792 silly audit   'js-tokens': [ '4.0.0' ],
1792 silly audit   jsesc: [ '3.1.0' ],
1792 silly audit   'json-buffer': [ '3.0.1' ],
1792 silly audit   'json-schema-traverse': [ '0.4.1', '1.0.0' ],
1792 silly audit   'json-stable-stringify-without-jsonify': [ '1.0.1' ],
1792 silly audit   json5: [ '2.2.3' ],
1792 silly audit   keyv: [ '4.5.4' ],
1792 silly audit   levn: [ '0.4.1' ],
1792 silly audit   lie: [ '3.1.1' ],
1792 silly audit   lightningcss: [ '1.32.0' ],
1792 silly audit   'lightningcss-android-arm64': [ '1.32.0' ],
1792 silly audit   'lightningcss-darwin-arm64': [ '1.32.0' ],
1792 silly audit   'lightningcss-darwin-x64': [ '1.32.0' ],
1792 silly audit   'lightningcss-freebsd-x64': [ '1.32.0' ],
1792 silly audit   'lightningcss-linux-arm-gnueabihf': [ '1.32.0' ],
1792 silly audit   'lightningcss-linux-arm64-gnu': [ '1.32.0' ],
1792 silly audit   'lightningcss-linux-arm64-musl': [ '1.32.0' ],
1792 silly audit   'lightningcss-linux-x64-gnu': [ '1.32.0' ],
1792 silly audit   'lightningcss-linux-x64-musl': [ '1.32.0' ],
1792 silly audit   'lightningcss-win32-arm64-msvc': [ '1.32.0' ],
1792 silly audit   'lightningcss-win32-x64-msvc': [ '1.32.0' ],
1792 silly audit   localforage: [ '1.10.0' ],
1792 silly audit   'locate-path': [ '6.0.0' ],
1792 silly audit   'lru-cache': [ '5.1.1', '11.5.1', '7.18.3', '6.0.0' ],
1792 silly audit   minimatch: [ '10.2.5', '10.1.1', '3.1.5' ],
1792 silly audit   ms: [ '2.1.3', '2.1.1', '2.1.2' ],
1792 silly audit   nanoid: [ '3.3.12' ],
1792 silly audit   'natural-compare': [ '1.4.0' ],
1792 silly audit   'node-releases': [ '2.0.44' ],
1792 silly audit   optionator: [ '0.9.4' ],
1792 silly audit   'p-limit': [ '3.1.0' ],
1792 silly audit   'p-locate': [ '5.0.0' ],
1792 silly audit   'path-exists': [ '4.0.0' ],
1792 silly audit   'path-key': [ '3.1.1' ],
1792 silly audit   picocolors: [ '1.1.1', '1.0.0' ],
1792 silly audit   picomatch: [ '4.0.4', '2.3.2' ],
1792 silly audit   postcss: [ '8.5.14' ],
1792 silly audit   'prelude-ls': [ '1.2.1' ],
1792 silly audit   punycode: [ '2.3.1' ],
1792 silly audit   react: [ '19.2.6' ],
1792 silly audit   'react-dom': [ '19.2.6' ],
1792 silly audit   'react-router': [ '7.15.1' ],
1792 silly audit   'react-router-dom': [ '7.15.1' ],
1792 silly audit   rolldown: [ '1.0.1', '1.0.0-rc.1' ],
1792 silly audit   scheduler: [ '0.27.0' ],
1792 silly audit   semver: [ '6.3.1', '7.5.4', '7.8.1' ],
1792 silly audit   'set-cookie-parser': [ '2.7.2' ],
1792 silly audit   'shebang-command': [ '2.0.0' ],
1792 silly audit   'shebang-regex': [ '3.0.0' ],
1792 silly audit   'source-map-js': [ '1.2.1' ],
1792 silly audit   tinyglobby: [ '0.2.16' ],
1792 silly audit   tslib: [ '2.8.1' ],
1792 silly audit   'type-check': [ '0.4.0' ],
1792 silly audit   'update-browserslist-db': [ '1.2.3' ],
1792 silly audit   'uri-js': [ '4.4.1' ],
1792 silly audit   vite: [ '8.0.13' ],
1792 silly audit   which: [ '2.0.2' ],
1792 silly audit   'word-wrap': [ '1.2.5' ],
1792 silly audit   yallist: [ '3.1.1', '5.0.0', '4.0.0' ],
1792 silly audit   'yocto-queue': [ '0.1.0' ],
1792 silly audit   zod: [ '4.4.3', '4.1.11', '3.22.4', '3.24.4' ],
1792 silly audit   'zod-validation-error': [ '4.0.2' ],
1792 silly audit   vercel: [ '54.6.0' ],
1792 silly audit   '@vercel/backends': [ '0.8.2' ],
1792 silly audit   '@vercel/blob': [ '2.4.0' ],
1792 silly audit   '@vercel/build-utils': [ '13.26.4' ],
1792 silly audit   '@vercel/cli-config': [ '0.1.2' ],
1792 silly audit   '@vercel/detect-agent': [ '1.2.3' ],
1792 silly audit   '@vercel/elysia': [ '0.1.83' ],
1792 silly audit   '@vercel/express': [ '0.1.93' ],
1792 silly audit   '@vercel/fastify': [ '0.1.86' ],
1792 silly audit   '@vercel/fun': [ '1.3.0' ],
1792 silly audit   '@vercel/go': [ '3.8.0' ],
1792 silly audit   '@vercel/h3': [ '0.1.92' ],
1792 silly audit   '@vercel/hono': [ '0.2.86' ],
1792 silly audit   '@vercel/hydrogen': [ '1.3.8' ],
1792 silly audit   '@vercel/koa': [ '0.1.66' ],
1792 silly audit   '@vercel/nestjs': [ '0.2.87' ],
1792 silly audit   '@vercel/next': [ '4.17.4' ],
1792 silly audit   '@vercel/node': [ '5.8.7' ],
1792 silly audit   '@vercel/prepare-flags-definitions': [ '0.2.1' ],
1792 silly audit   '@vercel/python': [ '6.43.3' ],
1792 silly audit   '@vercel/redwood': [ '2.4.14' ],
1792 silly audit   '@vercel/remix-builder': [ '5.8.3' ],
1792 silly audit   '@vercel/ruby': [ '2.4.0' ],
1792 silly audit   '@vercel/rust': [ '1.3.0' ],
1792 silly audit   '@vercel/static-build': [ '2.9.33' ],
1792 silly audit   chokidar: [ '4.0.0' ],
1792 silly audit   esbuild: [ '0.27.0' ],
1792 silly audit   'form-data': [ '4.0.5' ],
1792 silly audit   jose: [ '5.9.6' ],
1792 silly audit   luxon: [ '3.7.2' ],
1792 silly audit   'proxy-agent': [ '6.4.0' ],
1792 silly audit   sandbox: [ '2.5.6' ],
1792 silly audit   'smol-toml': [ '1.5.2' ],
1792 silly audit   '@vercel/nft': [ '1.5.0' ],
1792 silly audit   execa: [ '3.2.0', '5.1.1' ],
1792 silly audit   'fs-extra': [ '11.1.0', '11.1.1' ],
1792 silly audit   'get-port': [ '5.1.1' ],
1792 silly audit   'oxc-transform': [ '0.111.0' ],
1792 silly audit   'path-to-regexp': [ '8.3.0', '8.2.0', '6.1.0', '6.3.0' ],
1792 silly audit   'resolve.exports': [ '2.0.3' ],
1792 silly audit   srvx: [ '0.8.9' ],
1792 silly audit   tsx: [ '4.21.0' ],
1792 silly audit   'async-retry': [ '1.3.3' ],
1792 silly audit   'is-buffer': [ '2.0.5' ],
1792 silly audit   'is-node-process': [ '1.2.0' ],
1792 silly audit   throttleit: [ '2.1.0' ],
1792 silly audit   undici: [ '6.26.0', '5.28.4', '7.26.0' ],
1792 silly audit   '@vercel/python-analysis': [ '0.11.1' ],
1792 silly audit   'cjs-module-lexer': [ '1.2.3' ],
1792 silly audit   'es-module-lexer': [ '1.5.0', '1.4.1' ],
1792 silly audit   'xdg-app-paths': [ '5.5.1', '5.1.0' ],
1792 silly audit   '@vercel/static-config': [ '3.4.0' ],
1792 silly audit   '@vercel/cervel': [ '0.1.10' ],
1792 silly audit   'ts-morph': [ '12.0.0' ],
1792 silly audit   '@tootallnate/once': [ '2.0.0' ],
1792 silly audit   'async-listen': [ '1.2.0', '3.0.0', '3.0.1' ],
1792 silly audit   'generic-pool': [ '3.4.2' ],
1792 silly audit   micro: [ '9.3.5-canary.3' ],
1792 silly audit   'node-fetch': [ '2.6.7', '2.6.9' ],
1792 silly audit   promisepipe: [ '3.0.0' ],
1792 silly audit   'stat-mode': [ '0.3.0' ],
1792 silly audit   'stream-to-promise': [ '2.2.0' ],
1792 silly audit   tar: [ '7.5.7' ],
1792 silly audit   tinyexec: [ '0.3.2' ],
1792 silly audit   'tree-kill': [ '1.2.2' ],
1792 silly audit   'uid-promise': [ '1.0.0' ],
1792 silly audit   'yauzl-promise': [ '2.1.3' ],
1792 silly audit   '@mapbox/node-pre-gyp': [ '2.0.3' ],
1792 silly audit   '@rollup/pluginutils': [ '5.3.0' ],
1792 silly audit   'acorn-import-attributes': [ '1.9.5' ],
1792 silly audit   'async-sema': [ '3.1.1' ],
1792 silly audit   bindings: [ '1.5.0' ],
1792 silly audit   'estree-walker': [ '2.0.2' ],
1792 silly audit   glob: [ '13.0.6' ],
1792 silly audit   'graceful-fs': [ '4.2.11' ],
1792 silly audit   'node-gyp-build': [ '4.8.4' ],
1792 silly audit   'resolve-from': [ '5.0.0' ],
1792 silly audit   consola: [ '3.4.2' ],
1792 silly audit   'https-proxy-agent': [ '7.0.6' ],
1792 silly audit   nopt: [ '8.1.0' ],
1792 silly audit   '@edge-runtime/node-utils': [ '2.3.0' ],
1792 silly audit   '@edge-runtime/primitives': [ '4.1.0' ],
1792 silly audit   '@edge-runtime/vm': [ '3.2.0' ],
1792 silly audit   '@vercel/error-utils': [ '2.1.0' ],
1792 silly audit   'edge-runtime': [ '2.5.9' ],
1792 silly audit   etag: [ '1.8.1' ],
1792 silly audit   'mime-types': [ '2.1.35' ],
1792 silly audit   typescript: [ '5.9.3' ],
1792 silly audit   '@bytecodealliance/preview2-shim': [ '0.17.6' ],
1792 silly audit   '@renovatebot/pep440': [ '4.2.1' ],
1792 silly audit   'js-yaml': [ '4.1.1' ],
1792 silly audit   '@vercel/gatsby-plugin-vercel-analytics': [ '1.0.11' ],
1792 silly audit   '@vercel/gatsby-plugin-vercel-builder': [ '2.2.10' ],
1792 silly audit   'web-vitals': [ '0.2.4' ],
1792 silly audit   '@sinclair/typebox': [ '0.25.24' ],
1792 silly audit   'json-schema-to-ts': [ '1.6.4' ],
1792 silly audit   retry: [ '0.13.1' ],
1792 silly audit   'file-uri-to-path': [ '1.0.0' ],
1792 silly audit   readdirp: [ '4.1.2' ],
1792 silly audit   '@edge-runtime/format': [ '2.2.1' ],
1792 silly audit   '@edge-runtime/ponyfill': [ '2.4.2' ],
1792 silly audit   mri: [ '1.2.0' ],
1792 silly audit   'pretty-ms': [ '7.0.1' ],
1792 silly audit   'signal-exit': [ '4.0.2', '3.0.7' ],
1792 silly audit   'time-span': [ '4.0.0' ],
1792 silly audit   '@esbuild/aix-ppc64': [ '0.27.0' ],
1792 silly audit   '@esbuild/android-arm': [ '0.27.0' ],
1792 silly audit   '@esbuild/android-arm64': [ '0.27.0' ],
1792 silly audit   '@esbuild/android-x64': [ '0.27.0' ],
1792 silly audit   '@esbuild/darwin-arm64': [ '0.27.0' ],
1792 silly audit   '@esbuild/darwin-x64': [ '0.27.0' ],
1792 silly audit   '@esbuild/freebsd-arm64': [ '0.27.0' ],
1792 silly audit   '@esbuild/freebsd-x64': [ '0.27.0' ],
1792 silly audit   '@esbuild/linux-arm': [ '0.27.0' ],
1792 silly audit   '@esbuild/linux-arm64': [ '0.27.0' ],
1792 silly audit   '@esbuild/linux-ia32': [ '0.27.0' ],
1792 silly audit   '@esbuild/linux-loong64': [ '0.27.0' ],
1792 silly audit   '@esbuild/linux-mips64el': [ '0.27.0' ],
1792 silly audit   '@esbuild/linux-ppc64': [ '0.27.0' ],
1792 silly audit   '@esbuild/linux-riscv64': [ '0.27.0' ],
1792 silly audit   '@esbuild/linux-s390x': [ '0.27.0' ],
1792 silly audit   '@esbuild/linux-x64': [ '0.27.0' ],
1792 silly audit   '@esbuild/netbsd-arm64': [ '0.27.0' ],
1792 silly audit   '@esbuild/netbsd-x64': [ '0.27.0' ],
1792 silly audit   '@esbuild/openbsd-arm64': [ '0.27.0' ],
1792 silly audit   '@esbuild/openbsd-x64': [ '0.27.0' ],
1792 silly audit   '@esbuild/openharmony-arm64': [ '0.27.0' ],
1792 silly audit   '@esbuild/sunos-x64': [ '0.27.0' ],
1792 silly audit   '@esbuild/win32-arm64': [ '0.27.0' ],
1792 silly audit   '@esbuild/win32-ia32': [ '0.27.0' ],
1792 silly audit   '@esbuild/win32-x64': [ '0.27.0' ],
1792 silly audit   'get-stream': [ '5.2.0', '6.0.1' ],
1792 silly audit   'human-signals': [ '1.1.1', '2.1.0' ],
1792 silly audit   'is-stream': [ '2.0.1' ],
1792 silly audit   'merge-stream': [ '2.0.0' ],
1792 silly audit   'npm-run-path': [ '4.0.1' ],
1792 silly audit   onetime: [ '5.1.2' ],
1792 silly audit   'p-finally': [ '2.0.1' ],
1792 silly audit   'strip-final-newline': [ '2.0.0' ],
1792 silly audit   asynckit: [ '0.4.0' ],
1792 silly audit   'combined-stream': [ '1.0.8' ],
1792 silly audit   'es-set-tostringtag': [ '2.1.0' ],
1792 silly audit   hasown: [ '2.0.4' ],
1792 silly audit   'delayed-stream': [ '1.0.0' ],
1792 silly audit   'es-errors': [ '1.3.0' ],
1792 silly audit   'get-intrinsic': [ '1.3.0' ],
1792 silly audit   'has-tostringtag': [ '1.0.2' ],
1792 silly audit   jsonfile: [ '6.2.1' ],
1792 silly audit   universalify: [ '2.0.1' ],
1792 silly audit   'call-bind-apply-helpers': [ '1.0.2' ],
1792 silly audit   'es-define-property': [ '1.0.1' ],
1792 silly audit   'es-object-atoms': [ '1.1.2' ],
1792 silly audit   'function-bind': [ '1.1.2' ],
1792 silly audit   'get-proto': [ '1.0.1' ],
1792 silly audit   gopd: [ '1.2.0' ],
1792 silly audit   'has-symbols': [ '1.1.0' ],
1792 silly audit   'math-intrinsics': [ '1.1.0' ],
1792 silly audit   'dunder-proto': [ '1.0.1' ],
1792 silly audit   pump: [ '3.0.4' ],
1792 silly audit   minipass: [ '7.1.3' ],
1792 silly audit   'path-scurry': [ '2.0.2' ],
1792 silly audit   'agent-base': [ '7.1.4' ],
1792 silly audit   argparse: [ '2.0.1' ],
1792 silly audit   'ts-toolbelt': [ '6.15.5' ],
1792 silly audit   arg: [ '4.1.0' ],
1792 silly audit   'content-type': [ '1.0.4' ],
1792 silly audit   'raw-body': [ '2.4.1' ],
1792 silly audit   'mime-db': [ '1.52.0' ],
1792 silly audit   'whatwg-url': [ '5.0.0' ],
1792 silly audit   abbrev: [ '3.0.1' ],
1792 silly audit   'mimic-fn': [ '2.1.0' ],
1792 silly audit   '@oxc-transform/binding-android-arm-eabi': [ '0.111.0' ],
1792 silly audit   '@oxc-transform/binding-android-arm64': [ '0.111.0' ],
1792 silly audit   '@oxc-transform/binding-darwin-arm64': [ '0.111.0' ],
1792 silly audit   '@oxc-transform/binding-darwin-x64': [ '0.111.0' ],
1792 silly audit   '@oxc-transform/binding-freebsd-x64': [ '0.111.0' ],
1792 silly audit   '@oxc-transform/binding-linux-arm-gnueabihf': [ '0.111.0' ],
1792 silly audit   '@oxc-transform/binding-linux-arm-musleabihf': [ '0.111.0' ],
1792 silly audit   '@oxc-transform/binding-linux-arm64-gnu': [ '0.111.0' ],
1792 silly audit   '@oxc-transform/binding-linux-arm64-musl': [ '0.111.0' ],
1792 silly audit   '@oxc-transform/binding-linux-ppc64-gnu': [ '0.111.0' ],
1792 silly audit   '@oxc-transform/binding-linux-riscv64-gnu': [ '0.111.0' ],
1792 silly audit   '@oxc-transform/binding-linux-riscv64-musl': [ '0.111.0' ],
1792 silly audit   '@oxc-transform/binding-linux-s390x-gnu': [ '0.111.0' ],
1792 silly audit   '@oxc-transform/binding-linux-x64-gnu': [ '0.111.0' ],
1792 silly audit   '@oxc-transform/binding-linux-x64-musl': [ '0.111.0' ],
1792 silly audit   '@oxc-transform/binding-openharmony-arm64': [ '0.111.0' ],
1792 silly audit   '@oxc-transform/binding-wasm32-wasi': [ '0.111.0' ],
1792 silly audit   '@oxc-transform/binding-win32-arm64-msvc': [ '0.111.0' ],
1792 silly audit   '@oxc-transform/binding-win32-ia32-msvc': [ '0.111.0' ],
1792 silly audit   '@oxc-transform/binding-win32-x64-msvc': [ '0.111.0' ],
1792 silly audit   'parse-ms': [ '2.1.0' ],
1792 silly audit   'http-proxy-agent': [ '7.0.2' ],
1792 silly audit   'pac-proxy-agent': [ '7.2.0' ],
1792 silly audit   'proxy-from-env': [ '1.1.0' ],
1792 silly audit   'socks-proxy-agent': [ '8.0.5' ],
1792 silly audit   '@tootallnate/quickjs-emscripten': [ '0.23.0' ],
1792 silly audit   'get-uri': [ '6.0.5' ],
1792 silly audit   'pac-resolver': [ '7.0.1' ],
1792 silly audit   'basic-ftp': [ '5.3.1' ],
1792 silly audit   'data-uri-to-buffer': [ '6.0.2' ],
1792 silly audit   degenerator: [ '5.0.1' ],
1792 silly audit   netmask: [ '2.1.1' ],
1792 silly audit   'ast-types': [ '0.13.4' ],
1792 silly audit   escodegen: [ '2.1.0' ],
1792 silly audit   esprima: [ '4.0.1' ],
1792 silly audit   'source-map': [ '0.6.1' ],
1792 silly audit   'end-of-stream': [ '1.4.5', '1.1.0' ],
1792 silly audit   once: [ '1.4.0', '1.3.3' ],
1792 silly audit   wrappy: [ '1.0.2' ],
1792 silly audit   bytes: [ '3.1.0' ],
1792 silly audit   'http-errors': [ '1.7.3' ],
1792 silly audit   'iconv-lite': [ '0.4.24' ],
1792 silly audit   unpipe: [ '1.0.0' ],
1792 silly audit   depd: [ '1.1.2' ],
1792 silly audit   inherits: [ '2.0.4' ],
1792 silly audit   setprototypeof: [ '1.1.1' ],
1792 silly audit   statuses: [ '1.5.0' ],
1792 silly audit   toidentifier: [ '1.0.0' ],
1792 silly audit   'safer-buffer': [ '2.1.2' ],
1792 silly audit   '@vercel/sandbox': [ '1.9.0' ],
1792 silly audit   '@vercel/oidc': [ '3.2.0' ],
1792 silly audit   jsonlines: [ '0.1.1' ],
1792 silly audit   'tar-stream': [ '3.1.7' ],
1792 silly audit   socks: [ '2.8.9' ],
1792 silly audit   'ip-address': [ '10.2.0' ],
1792 silly audit   'smart-buffer': [ '4.2.0' ],
1792 silly audit   'cookie-es': [ '2.0.1' ],
1792 silly audit   'any-promise': [ '1.3.0' ],
1792 silly audit   'stream-to-array': [ '2.3.0' ],
1792 silly audit   '@isaacs/fs-minipass': [ '4.0.1' ],
1792 silly audit   chownr: [ '3.0.0' ],
1792 silly audit   minizlib: [ '3.1.0' ],
1792 silly audit   b4a: [ '1.8.1' ],
1792 silly audit   'fast-fifo': [ '1.3.2' ],
1792 silly audit   streamx: [ '2.26.0' ],
1792 silly audit   'events-universal': [ '1.0.1' ],
1792 silly audit   'text-decoder': [ '1.2.7' ],
1792 silly audit   'bare-events': [ '2.8.3' ],
1792 silly audit   'convert-hrtime': [ '3.0.0' ],
1792 silly audit   '@ts-morph/common': [ '0.11.1' ],
1792 silly audit   'code-block-writer': [ '10.1.1' ],
1792 silly audit   'fast-glob': [ '3.3.3' ],
1792 silly audit   mkdirp: [ '1.0.4' ],
1792 silly audit   'path-browserify': [ '1.0.1' ],
1792 silly audit   '@nodelib/fs.stat': [ '2.0.5' ],
1792 silly audit   '@nodelib/fs.walk': [ '1.2.8' ],
1792 silly audit   merge2: [ '1.4.1' ],
1792 silly audit   micromatch: [ '4.0.8' ],
1792 silly audit   '@nodelib/fs.scandir': [ '2.1.5' ],
1792 silly audit   fastq: [ '1.20.1' ],
1792 silly audit   'run-parallel': [ '1.2.0' ],
1792 silly audit   reusify: [ '1.1.0' ],
1792 silly audit   braces: [ '3.0.3' ],
1792 silly audit   'fill-range': [ '7.1.1' ],
1792 silly audit   'to-regex-range': [ '5.0.1' ],
1792 silly audit   'queue-microtask': [ '1.2.3' ],
1792 silly audit   'is-number': [ '7.0.0' ],
1792 silly audit   'get-tsconfig': [ '4.14.0' ],
1792 silly audit   'resolve-pkg-maps': [ '1.0.0' ],
1792 silly audit   '@types/node': [ '25.9.1', '20.11.0' ],
1792 silly audit   'undici-types': [ '7.24.6', '5.26.5' ],
1792 silly audit   tr46: [ '0.0.3' ],
1792 silly audit   'webidl-conversions': [ '3.0.1' ],
1792 silly audit   'os-paths': [ '4.4.0' ],
1792 silly audit   'xdg-portable': [ '7.3.0' ],
1792 silly audit   yauzl: [ '2.10.0' ],
1792 silly audit   'yauzl-clone': [ '1.0.4' ],
1792 silly audit   'buffer-crc32': [ '0.2.13' ],
1792 silly audit   'fd-slicer': [ '1.1.0' ],
1792 silly audit   pend: [ '1.2.0' ],
1792 silly audit   'events-intercept': [ '2.0.0' ],
1792 silly audit   'concat-map': [ '0.0.1' ],
1792 silly audit   '@fastify/busboy': [ '2.1.1' ],
1792 silly audit   '@isaacs/brace-expansion': [ '5.0.1' ],
1792 silly audit   '@isaacs/balanced-match': [ '4.0.1' ],
1792 silly audit   'require-from-string': [ '2.0.2' ]
1792 silly audit }
1793 verbose reify failed optional dependency /Users/kunalkakkar/Desktop/ROADSOS/frontend/node_modules/@oxc-transform/binding-win32-x64-msvc
1794 silly reify mark deleted [
1794 silly reify   '/Users/kunalkakkar/Desktop/ROADSOS/frontend/node_modules/@oxc-transform/binding-win32-x64-msvc'
1794 silly reify ]
1795 verbose reify failed optional dependency /Users/kunalkakkar/Desktop/ROADSOS/frontend/node_modules/@oxc-transform/binding-win32-ia32-msvc
1796 silly reify mark deleted [
1796 silly reify   '/Users/kunalkakkar/Desktop/ROADSOS/frontend/node_modules/@oxc-transform/binding-win32-ia32-msvc'
1796 silly reify ]
1797 verbose reify failed optional dependency /Users/kunalkakkar/Desktop/ROADSOS/frontend/node_modules/@oxc-transform/binding-win32-arm64-msvc
1798 silly reify mark deleted [
1798 silly reify   '/Users/kunalkakkar/Desktop/ROADSOS/frontend/node_modules/@oxc-transform/binding-win32-arm64-msvc'
1798 silly reify ]
1799 verbose reify failed optional dependency /Users/kunalkakkar/Desktop/ROADSOS/frontend/node_modules/@oxc-transform/binding-wasm32-wasi
1800 silly reify mark deleted [
1800 silly reify   '/Users/kunalkakkar/Desktop/ROADSOS/frontend/node_modules/@oxc-transform/binding-wasm32-wasi'
1800 silly reify ]
1801 verbose reify failed optional dependency /Users/kunalkakkar/Desktop/ROADSOS/frontend/node_modules/@oxc-transform/binding-openharmony-arm64
1802 silly reify mark deleted [
1802 silly reify   '/Users/kunalkakkar/Desktop/ROADSOS/frontend/node_modules/@oxc-transform/binding-openharmony-arm64'
1802 silly reify ]
1803 verbose reify failed optional dependency /Users/kunalkakkar/Desktop/ROADSOS/frontend/node_modules/@oxc-transform/binding-linux-x64-musl
1804 silly reify mark deleted [
1804 silly reify   '/Users/kunalkakkar/Desktop/ROADSOS/frontend/node_modules/@oxc-transform/binding-linux-x64-musl'
1804 silly reify ]
1805 verbose reify failed optional dependency /Users/kunalkakkar/Desktop/ROADSOS/frontend/node_modules/@oxc-transform/binding-linux-x64-gnu
1806 silly reify mark deleted [
1806 silly reify   '/Users/kunalkakkar/Desktop/ROADSOS/frontend/node_modules/@oxc-transform/binding-linux-x64-gnu'
1806 silly reify ]
1807 verbose reify failed optional dependency /Users/kunalkakkar/Desktop/ROADSOS/frontend/node_modules/@oxc-transform/binding-linux-s390x-gnu
1808 silly reify mark deleted [
1808 silly reify   '/Users/kunalkakkar/Desktop/ROADSOS/frontend/node_modules/@oxc-transform/binding-linux-s390x-gnu'
1808 silly reify ]
1809 verbose reify failed optional dependency /Users/kunalkakkar/Desktop/ROADSOS/frontend/node_modules/@oxc-transform/binding-linux-riscv64-musl
1810 silly reify mark deleted [
1810 silly reify   '/Users/kunalkakkar/Desktop/ROADSOS/frontend/node_modules/@oxc-transform/binding-linux-riscv64-musl'
1810 silly reify ]
1811 verbose reify failed optional dependency /Users/kunalkakkar/Desktop/ROADSOS/frontend/node_modules/@oxc-transform/binding-linux-riscv64-gnu
1812 silly reify mark deleted [
1812 silly reify   '/Users/kunalkakkar/Desktop/ROADSOS/frontend/node_modules/@oxc-transform/binding-linux-riscv64-gnu'
1812 silly reify ]
1813 verbose reify failed optional dependency /Users/kunalkakkar/Desktop/ROADSOS/frontend/node_modules/@oxc-transform/binding-linux-ppc64-gnu
1814 silly reify mark deleted [
1814 silly reify   '/Users/kunalkakkar/Desktop/ROADSOS/frontend/node_modules/@oxc-transform/binding-linux-ppc64-gnu'
1814 silly reify ]
1815 verbose reify failed optional dependency /Users/kunalkakkar/Desktop/ROADSOS/frontend/node_modules/@oxc-transform/binding-linux-arm64-musl
1816 silly reify mark deleted [
1816 silly reify   '/Users/kunalkakkar/Desktop/ROADSOS/frontend/node_modules/@oxc-transform/binding-linux-arm64-musl'
1816 silly reify ]
1817 verbose reify failed optional dependency /Users/kunalkakkar/Desktop/ROADSOS/frontend/node_modules/@oxc-transform/binding-linux-arm64-gnu
1818 silly reify mark deleted [
1818 silly reify   '/Users/kunalkakkar/Desktop/ROADSOS/frontend/node_modules/@oxc-transform/binding-linux-arm64-gnu'
1818 silly reify ]
1819 verbose reify failed optional dependency /Users/kunalkakkar/Desktop/ROADSOS/frontend/node_modules/@oxc-transform/binding-linux-arm-musleabihf
1820 silly reify mark deleted [
1820 silly reify   '/Users/kunalkakkar/Desktop/ROADSOS/frontend/node_modules/@oxc-transform/binding-linux-arm-musleabihf'
1820 silly reify ]
1821 verbose reify failed optional dependency /Users/kunalkakkar/Desktop/ROADSOS/frontend/node_modules/@oxc-transform/binding-linux-arm-gnueabihf
1822 silly reify mark deleted [
1822 silly reify   '/Users/kunalkakkar/Desktop/ROADSOS/frontend/node_modules/@oxc-transform/binding-linux-arm-gnueabihf'
1822 silly reify ]
1823 verbose reify failed optional dependency /Users/kunalkakkar/Desktop/ROADSOS/frontend/node_modules/@oxc-transform/binding-freebsd-x64
1824 silly reify mark deleted [
1824 silly reify   '/Users/kunalkakkar/Desktop/ROADSOS/frontend/node_modules/@oxc-transform/binding-freebsd-x64'
1824 silly reify ]
1825 verbose reify failed optional dependency /Users/kunalkakkar/Desktop/ROADSOS/frontend/node_modules/@oxc-transform/binding-darwin-x64
1826 silly reify mark deleted [
1826 silly reify   '/Users/kunalkakkar/Desktop/ROADSOS/frontend/node_modules/@oxc-transform/binding-darwin-x64'
1826 silly reify ]
1827 verbose reify failed optional dependency /Users/kunalkakkar/Desktop/ROADSOS/frontend/node_modules/@oxc-transform/binding-android-arm64
1828 silly reify mark deleted [
1828 silly reify   '/Users/kunalkakkar/Desktop/ROADSOS/frontend/node_modules/@oxc-transform/binding-android-arm64'
1828 silly reify ]
1829 verbose reify failed optional dependency /Users/kunalkakkar/Desktop/ROADSOS/frontend/node_modules/@oxc-transform/binding-android-arm-eabi
1830 silly reify mark deleted [
1830 silly reify   '/Users/kunalkakkar/Desktop/ROADSOS/frontend/node_modules/@oxc-transform/binding-android-arm-eabi'
1830 silly reify ]
1831 verbose reify failed optional dependency /Users/kunalkakkar/Desktop/ROADSOS/frontend/node_modules/@esbuild/win32-x64
1832 silly reify mark deleted [
1832 silly reify   '/Users/kunalkakkar/Desktop/ROADSOS/frontend/node_modules/@esbuild/win32-x64'
1832 silly reify ]
1833 verbose reify failed optional dependency /Users/kunalkakkar/Desktop/ROADSOS/frontend/node_modules/@esbuild/win32-ia32
1834 silly reify mark deleted [
1834 silly reify   '/Users/kunalkakkar/Desktop/ROADSOS/frontend/node_modules/@esbuild/win32-ia32'
1834 silly reify ]
1835 verbose reify failed optional dependency /Users/kunalkakkar/Desktop/ROADSOS/frontend/node_modules/@esbuild/win32-arm64
1836 silly reify mark deleted [
1836 silly reify   '/Users/kunalkakkar/Desktop/ROADSOS/frontend/node_modules/@esbuild/win32-arm64'
1836 silly reify ]
1837 verbose reify failed optional dependency /Users/kunalkakkar/Desktop/ROADSOS/frontend/node_modules/@esbuild/sunos-x64
1838 silly reify mark deleted [
1838 silly reify   '/Users/kunalkakkar/Desktop/ROADSOS/frontend/node_modules/@esbuild/sunos-x64'
1838 silly reify ]
1839 verbose reify failed optional dependency /Users/kunalkakkar/Desktop/ROADSOS/frontend/node_modules/@esbuild/openharmony-arm64
1840 silly reify mark deleted [
1840 silly reify   '/Users/kunalkakkar/Desktop/ROADSOS/frontend/node_modules/@esbuild/openharmony-arm64'
1840 silly reify ]
1841 verbose reify failed optional dependency /Users/kunalkakkar/Desktop/ROADSOS/frontend/node_modules/@esbuild/openbsd-x64
1842 silly reify mark deleted [
1842 silly reify   '/Users/kunalkakkar/Desktop/ROADSOS/frontend/node_modules/@esbuild/openbsd-x64'
1842 silly reify ]
1843 verbose reify failed optional dependency /Users/kunalkakkar/Desktop/ROADSOS/frontend/node_modules/@esbuild/openbsd-arm64
1844 silly reify mark deleted [
1844 silly reify   '/Users/kunalkakkar/Desktop/ROADSOS/frontend/node_modules/@esbuild/openbsd-arm64'
1844 silly reify ]
1845 verbose reify failed optional dependency /Users/kunalkakkar/Desktop/ROADSOS/frontend/node_modules/@esbuild/netbsd-x64
1846 silly reify mark deleted [
1846 silly reify   '/Users/kunalkakkar/Desktop/ROADSOS/frontend/node_modules/@esbuild/netbsd-x64'
1846 silly reify ]
1847 verbose reify failed optional dependency /Users/kunalkakkar/Desktop/ROADSOS/frontend/node_modules/@esbuild/netbsd-arm64
1848 silly reify mark deleted [
1848 silly reify   '/Users/kunalkakkar/Desktop/ROADSOS/frontend/node_modules/@esbuild/netbsd-arm64'
1848 silly reify ]
1849 verbose reify failed optional dependency /Users/kunalkakkar/Desktop/ROADSOS/frontend/node_modules/@esbuild/linux-x64
1850 silly reify mark deleted [
1850 silly reify   '/Users/kunalkakkar/Desktop/ROADSOS/frontend/node_modules/@esbuild/linux-x64'
1850 silly reify ]
1851 verbose reify failed optional dependency /Users/kunalkakkar/Desktop/ROADSOS/frontend/node_modules/@esbuild/linux-s390x
1852 silly reify mark deleted [
1852 silly reify   '/Users/kunalkakkar/Desktop/ROADSOS/frontend/node_modules/@esbuild/linux-s390x'
1852 silly reify ]
1853 verbose reify failed optional dependency /Users/kunalkakkar/Desktop/ROADSOS/frontend/node_modules/@esbuild/linux-riscv64
1854 silly reify mark deleted [
1854 silly reify   '/Users/kunalkakkar/Desktop/ROADSOS/frontend/node_modules/@esbuild/linux-riscv64'
1854 silly reify ]
1855 verbose reify failed optional dependency /Users/kunalkakkar/Desktop/ROADSOS/frontend/node_modules/@esbuild/linux-ppc64
1856 silly reify mark deleted [
1856 silly reify   '/Users/kunalkakkar/Desktop/ROADSOS/frontend/node_modules/@esbuild/linux-ppc64'
1856 silly reify ]
1857 verbose reify failed optional dependency /Users/kunalkakkar/Desktop/ROADSOS/frontend/node_modules/@esbuild/linux-mips64el
1858 silly reify mark deleted [
1858 silly reify   '/Users/kunalkakkar/Desktop/ROADSOS/frontend/node_modules/@esbuild/linux-mips64el'
1858 silly reify ]
1859 verbose reify failed optional dependency /Users/kunalkakkar/Desktop/ROADSOS/frontend/node_modules/@esbuild/linux-loong64
1860 silly reify mark deleted [
1860 silly reify   '/Users/kunalkakkar/Desktop/ROADSOS/frontend/node_modules/@esbuild/linux-loong64'
1860 silly reify ]
1861 verbose reify failed optional dependency /Users/kunalkakkar/Desktop/ROADSOS/frontend/node_modules/@esbuild/linux-ia32
1862 silly reify mark deleted [
1862 silly reify   '/Users/kunalkakkar/Desktop/ROADSOS/frontend/node_modules/@esbuild/linux-ia32'
1862 silly reify ]
1863 verbose reify failed optional dependency /Users/kunalkakkar/Desktop/ROADSOS/frontend/node_modules/@esbuild/linux-arm64
1864 silly reify mark deleted [
1864 silly reify   '/Users/kunalkakkar/Desktop/ROADSOS/frontend/node_modules/@esbuild/linux-arm64'
1864 silly reify ]
1865 verbose reify failed optional dependency /Users/kunalkakkar/Desktop/ROADSOS/frontend/node_modules/@esbuild/linux-arm
1866 silly reify mark deleted [
1866 silly reify   '/Users/kunalkakkar/Desktop/ROADSOS/frontend/node_modules/@esbuild/linux-arm'
1866 silly reify ]
1867 verbose reify failed optional dependency /Users/kunalkakkar/Desktop/ROADSOS/frontend/node_modules/@esbuild/freebsd-x64
1868 silly reify mark deleted [
1868 silly reify   '/Users/kunalkakkar/Desktop/ROADSOS/frontend/node_modules/@esbuild/freebsd-x64'
1868 silly reify ]
1869 verbose reify failed optional dependency /Users/kunalkakkar/Desktop/ROADSOS/frontend/node_modules/@esbuild/freebsd-arm64
1870 silly reify mark deleted [
1870 silly reify   '/Users/kunalkakkar/Desktop/ROADSOS/frontend/node_modules/@esbuild/freebsd-arm64'
1870 silly reify ]
1871 verbose reify failed optional dependency /Users/kunalkakkar/Desktop/ROADSOS/frontend/node_modules/@esbuild/darwin-x64
1872 silly reify mark deleted [
1872 silly reify   '/Users/kunalkakkar/Desktop/ROADSOS/frontend/node_modules/@esbuild/darwin-x64'
1872 silly reify ]
1873 verbose reify failed optional dependency /Users/kunalkakkar/Desktop/ROADSOS/frontend/node_modules/@esbuild/android-x64
1874 silly reify mark deleted [
1874 silly reify   '/Users/kunalkakkar/Desktop/ROADSOS/frontend/node_modules/@esbuild/android-x64'
1874 silly reify ]
1875 verbose reify failed optional dependency /Users/kunalkakkar/Desktop/ROADSOS/frontend/node_modules/@esbuild/android-arm64
1876 silly reify mark deleted [
1876 silly reify   '/Users/kunalkakkar/Desktop/ROADSOS/frontend/node_modules/@esbuild/android-arm64'
1876 silly reify ]
1877 verbose reify failed optional dependency /Users/kunalkakkar/Desktop/ROADSOS/frontend/node_modules/@esbuild/android-arm
1878 silly reify mark deleted [
1878 silly reify   '/Users/kunalkakkar/Desktop/ROADSOS/frontend/node_modules/@esbuild/android-arm'
1878 silly reify ]
1879 verbose reify failed optional dependency /Users/kunalkakkar/Desktop/ROADSOS/frontend/node_modules/@esbuild/aix-ppc64
1880 silly reify mark deleted [
1880 silly reify   '/Users/kunalkakkar/Desktop/ROADSOS/frontend/node_modules/@esbuild/aix-ppc64'
1880 silly reify ]
1881 verbose reify failed optional dependency /Users/kunalkakkar/Desktop/ROADSOS/frontend/node_modules/@vercel/backends/node_modules/@rolldown/binding-win32-x64-msvc
1882 silly reify mark deleted [
1882 silly reify   '/Users/kunalkakkar/Desktop/ROADSOS/frontend/node_modules/@vercel/backends/node_modules/@rolldown/binding-win32-x64-msvc'
1882 silly reify ]
1883 verbose reify failed optional dependency /Users/kunalkakkar/Desktop/ROADSOS/frontend/node_modules/@vercel/backends/node_modules/@rolldown/binding-win32-arm64-msvc
1884 silly reify mark deleted [
1884 silly reify   '/Users/kunalkakkar/Desktop/ROADSOS/frontend/node_modules/@vercel/backends/node_modules/@rolldown/binding-win32-arm64-msvc'
1884 silly reify ]
1885 verbose reify failed optional dependency /Users/kunalkakkar/Desktop/ROADSOS/frontend/node_modules/@vercel/backends/node_modules/@rolldown/binding-wasm32-wasi
1886 silly reify mark deleted [
1886 silly reify   '/Users/kunalkakkar/Desktop/ROADSOS/frontend/node_modules/@vercel/backends/node_modules/@rolldown/binding-wasm32-wasi'
1886 silly reify ]
1887 verbose reify failed optional dependency /Users/kunalkakkar/Desktop/ROADSOS/frontend/node_modules/@vercel/backends/node_modules/@rolldown/binding-openharmony-arm64
1888 silly reify mark deleted [
1888 silly reify   '/Users/kunalkakkar/Desktop/ROADSOS/frontend/node_modules/@vercel/backends/node_modules/@rolldown/binding-openharmony-arm64'
1888 silly reify ]
1889 verbose reify failed optional dependency /Users/kunalkakkar/Desktop/ROADSOS/frontend/node_modules/@vercel/backends/node_modules/@rolldown/binding-linux-x64-musl
1890 silly reify mark deleted [
1890 silly reify   '/Users/kunalkakkar/Desktop/ROADSOS/frontend/node_modules/@vercel/backends/node_modules/@rolldown/binding-linux-x64-musl'
1890 silly reify ]
1891 verbose reify failed optional dependency /Users/kunalkakkar/Desktop/ROADSOS/frontend/node_modules/@vercel/backends/node_modules/@rolldown/binding-linux-x64-gnu
1892 silly reify mark deleted [
1892 silly reify   '/Users/kunalkakkar/Desktop/ROADSOS/frontend/node_modules/@vercel/backends/node_modules/@rolldown/binding-linux-x64-gnu'
1892 silly reify ]
1893 verbose reify failed optional dependency /Users/kunalkakkar/Desktop/ROADSOS/frontend/node_modules/@vercel/backends/node_modules/@rolldown/binding-linux-arm64-musl
1894 silly reify mark deleted [
1894 silly reify   '/Users/kunalkakkar/Desktop/ROADSOS/frontend/node_modules/@vercel/backends/node_modules/@rolldown/binding-linux-arm64-musl'
1894 silly reify ]
1895 verbose reify failed optional dependency /Users/kunalkakkar/Desktop/ROADSOS/frontend/node_modules/@vercel/backends/node_modules/@rolldown/binding-linux-arm64-gnu
1896 silly reify mark deleted [
1896 silly reify   '/Users/kunalkakkar/Desktop/ROADSOS/frontend/node_modules/@vercel/backends/node_modules/@rolldown/binding-linux-arm64-gnu'
1896 silly reify ]
1897 verbose reify failed optional dependency /Users/kunalkakkar/Desktop/ROADSOS/frontend/node_modules/@vercel/backends/node_modules/@rolldown/binding-linux-arm-gnueabihf
1898 silly reify mark deleted [
1898 silly reify   '/Users/kunalkakkar/Desktop/ROADSOS/frontend/node_modules/@vercel/backends/node_modules/@rolldown/binding-linux-arm-gnueabihf'
1898 silly reify ]
1899 verbose reify failed optional dependency /Users/kunalkakkar/Desktop/ROADSOS/frontend/node_modules/@vercel/backends/node_modules/@rolldown/binding-freebsd-x64
1900 silly reify mark deleted [
1900 silly reify   '/Users/kunalkakkar/Desktop/ROADSOS/frontend/node_modules/@vercel/backends/node_modules/@rolldown/binding-freebsd-x64'
1900 silly reify ]
1901 verbose reify failed optional dependency /Users/kunalkakkar/Desktop/ROADSOS/frontend/node_modules/@vercel/backends/node_modules/@rolldown/binding-darwin-x64
1902 silly reify mark deleted [
1902 silly reify   '/Users/kunalkakkar/Desktop/ROADSOS/frontend/node_modules/@vercel/backends/node_modules/@rolldown/binding-darwin-x64'
1902 silly reify ]
1903 verbose reify failed optional dependency /Users/kunalkakkar/Desktop/ROADSOS/frontend/node_modules/@vercel/backends/node_modules/@rolldown/binding-android-arm64
1904 silly reify mark deleted [
1904 silly reify   '/Users/kunalkakkar/Desktop/ROADSOS/frontend/node_modules/@vercel/backends/node_modules/@rolldown/binding-android-arm64'
1904 silly reify ]
1905 verbose reify failed optional dependency /Users/kunalkakkar/Desktop/ROADSOS/frontend/node_modules/lightningcss-win32-x64-msvc
1906 silly reify mark deleted [
1906 silly reify   '/Users/kunalkakkar/Desktop/ROADSOS/frontend/node_modules/lightningcss-win32-x64-msvc'
1906 silly reify ]
1907 verbose reify failed optional dependency /Users/kunalkakkar/Desktop/ROADSOS/frontend/node_modules/lightningcss-win32-arm64-msvc
1908 silly reify mark deleted [
1908 silly reify   '/Users/kunalkakkar/Desktop/ROADSOS/frontend/node_modules/lightningcss-win32-arm64-msvc'
1908 silly reify ]
1909 verbose reify failed optional dependency /Users/kunalkakkar/Desktop/ROADSOS/frontend/node_modules/lightningcss-linux-x64-musl
1910 silly reify mark deleted [
1910 silly reify   '/Users/kunalkakkar/Desktop/ROADSOS/frontend/node_modules/lightningcss-linux-x64-musl'
1910 silly reify ]
1911 verbose reify failed optional dependency /Users/kunalkakkar/Desktop/ROADSOS/frontend/node_modules/lightningcss-linux-x64-gnu
1912 silly reify mark deleted [
1912 silly reify   '/Users/kunalkakkar/Desktop/ROADSOS/frontend/node_modules/lightningcss-linux-x64-gnu'
1912 silly reify ]
1913 verbose reify failed optional dependency /Users/kunalkakkar/Desktop/ROADSOS/frontend/node_modules/lightningcss-linux-arm64-musl
1914 silly reify mark deleted [
1914 silly reify   '/Users/kunalkakkar/Desktop/ROADSOS/frontend/node_modules/lightningcss-linux-arm64-musl'
1914 silly reify ]
1915 verbose reify failed optional dependency /Users/kunalkakkar/Desktop/ROADSOS/frontend/node_modules/lightningcss-linux-arm64-gnu
1916 silly reify mark deleted [
1916 silly reify   '/Users/kunalkakkar/Desktop/ROADSOS/frontend/node_modules/lightningcss-linux-arm64-gnu'
1916 silly reify ]
1917 verbose reify failed optional dependency /Users/kunalkakkar/Desktop/ROADSOS/frontend/node_modules/lightningcss-linux-arm-gnueabihf
1918 silly reify mark deleted [
1918 silly reify   '/Users/kunalkakkar/Desktop/ROADSOS/frontend/node_modules/lightningcss-linux-arm-gnueabihf'
1918 silly reify ]
1919 verbose reify failed optional dependency /Users/kunalkakkar/Desktop/ROADSOS/frontend/node_modules/lightningcss-freebsd-x64
1920 silly reify mark deleted [
1920 silly reify   '/Users/kunalkakkar/Desktop/ROADSOS/frontend/node_modules/lightningcss-freebsd-x64'
1920 silly reify ]
1921 verbose reify failed optional dependency /Users/kunalkakkar/Desktop/ROADSOS/frontend/node_modules/lightningcss-darwin-x64
1922 silly reify mark deleted [
1922 silly reify   '/Users/kunalkakkar/Desktop/ROADSOS/frontend/node_modules/lightningcss-darwin-x64'
1922 silly reify ]
1923 verbose reify failed optional dependency /Users/kunalkakkar/Desktop/ROADSOS/frontend/node_modules/lightningcss-android-arm64
1924 silly reify mark deleted [
1924 silly reify   '/Users/kunalkakkar/Desktop/ROADSOS/frontend/node_modules/lightningcss-android-arm64'
1924 silly reify ]
1925 verbose reify failed optional dependency /Users/kunalkakkar/Desktop/ROADSOS/frontend/node_modules/@rolldown/binding-win32-x64-msvc
1926 silly reify mark deleted [
1926 silly reify   '/Users/kunalkakkar/Desktop/ROADSOS/frontend/node_modules/@rolldown/binding-win32-x64-msvc'
1926 silly reify ]
1927 verbose reify failed optional dependency /Users/kunalkakkar/Desktop/ROADSOS/frontend/node_modules/@rolldown/binding-win32-arm64-msvc
1928 silly reify mark deleted [
1928 silly reify   '/Users/kunalkakkar/Desktop/ROADSOS/frontend/node_modules/@rolldown/binding-win32-arm64-msvc'
1928 silly reify ]
1929 verbose reify failed optional dependency /Users/kunalkakkar/Desktop/ROADSOS/frontend/node_modules/@rolldown/binding-wasm32-wasi
1930 silly reify mark deleted [
1930 silly reify   '/Users/kunalkakkar/Desktop/ROADSOS/frontend/node_modules/@rolldown/binding-wasm32-wasi'
1930 silly reify ]
1931 verbose reify failed optional dependency /Users/kunalkakkar/Desktop/ROADSOS/frontend/node_modules/@rolldown/binding-openharmony-arm64
1932 silly reify mark deleted [
1932 silly reify   '/Users/kunalkakkar/Desktop/ROADSOS/frontend/node_modules/@rolldown/binding-openharmony-arm64'
1932 silly reify ]
1933 verbose reify failed optional dependency /Users/kunalkakkar/Desktop/ROADSOS/frontend/node_modules/@rolldown/binding-linux-x64-musl
1934 silly reify mark deleted [
1934 silly reify   '/Users/kunalkakkar/Desktop/ROADSOS/frontend/node_modules/@rolldown/binding-linux-x64-musl'
1934 silly reify ]
1935 verbose reify failed optional dependency /Users/kunalkakkar/Desktop/ROADSOS/frontend/node_modules/@rolldown/binding-linux-x64-gnu
1936 silly reify mark deleted [
1936 silly reify   '/Users/kunalkakkar/Desktop/ROADSOS/frontend/node_modules/@rolldown/binding-linux-x64-gnu'
1936 silly reify ]
1937 verbose reify failed optional dependency /Users/kunalkakkar/Desktop/ROADSOS/frontend/node_modules/@rolldown/binding-linux-s390x-gnu
1938 silly reify mark deleted [
1938 silly reify   '/Users/kunalkakkar/Desktop/ROADSOS/frontend/node_modules/@rolldown/binding-linux-s390x-gnu'
1938 silly reify ]
1939 verbose reify failed optional dependency /Users/kunalkakkar/Desktop/ROADSOS/frontend/node_modules/@rolldown/binding-linux-ppc64-gnu
1940 silly reify mark deleted [
1940 silly reify   '/Users/kunalkakkar/Desktop/ROADSOS/frontend/node_modules/@rolldown/binding-linux-ppc64-gnu'
1940 silly reify ]
1941 verbose reify failed optional dependency /Users/kunalkakkar/Desktop/ROADSOS/frontend/node_modules/@rolldown/binding-linux-arm64-musl
1942 silly reify mark deleted [
1942 silly reify   '/Users/kunalkakkar/Desktop/ROADSOS/frontend/node_modules/@rolldown/binding-linux-arm64-musl'
1942 silly reify ]
1943 verbose reify failed optional dependency /Users/kunalkakkar/Desktop/ROADSOS/frontend/node_modules/@rolldown/binding-linux-arm64-gnu
1944 silly reify mark deleted [
1944 silly reify   '/Users/kunalkakkar/Desktop/ROADSOS/frontend/node_modules/@rolldown/binding-linux-arm64-gnu'
1944 silly reify ]
1945 verbose reify failed optional dependency /Users/kunalkakkar/Desktop/ROADSOS/frontend/node_modules/@rolldown/binding-linux-arm-gnueabihf
1946 silly reify mark deleted [
1946 silly reify   '/Users/kunalkakkar/Desktop/ROADSOS/frontend/node_modules/@rolldown/binding-linux-arm-gnueabihf'
1946 silly reify ]
1947 verbose reify failed optional dependency /Users/kunalkakkar/Desktop/ROADSOS/frontend/node_modules/@rolldown/binding-freebsd-x64
1948 silly reify mark deleted [
1948 silly reify   '/Users/kunalkakkar/Desktop/ROADSOS/frontend/node_modules/@rolldown/binding-freebsd-x64'
1948 silly reify ]
1949 verbose reify failed optional dependency /Users/kunalkakkar/Desktop/ROADSOS/frontend/node_modules/@rolldown/binding-darwin-x64
1950 silly reify mark deleted [
1950 silly reify   '/Users/kunalkakkar/Desktop/ROADSOS/frontend/node_modules/@rolldown/binding-darwin-x64'
1950 silly reify ]
1951 verbose reify failed optional dependency /Users/kunalkakkar/Desktop/ROADSOS/frontend/node_modules/@rolldown/binding-android-arm64
1952 silly reify mark deleted [
1952 silly reify   '/Users/kunalkakkar/Desktop/ROADSOS/frontend/node_modules/@rolldown/binding-android-arm64'
1952 silly reify ]
1953 http cache require-from-string@https://registry.npmjs.org/require-from-string/-/require-from-string-2.0.2.tgz 0ms (cache hit)
1954 http cache @isaacs/balanced-match@https://registry.npmjs.org/@isaacs/balanced-match/-/balanced-match-4.0.1.tgz 0ms (cache hit)
1955 http cache @isaacs/brace-expansion@https://registry.npmjs.org/@isaacs/brace-expansion/-/brace-expansion-5.0.1.tgz 0ms (cache hit)
1956 http cache concat-map@https://registry.npmjs.org/concat-map/-/concat-map-0.0.1.tgz 0ms (cache hit)
1957 http cache events-intercept@https://registry.npmjs.org/events-intercept/-/events-intercept-2.0.0.tgz 0ms (cache hit)
1958 http cache fd-slicer@https://registry.npmjs.org/fd-slicer/-/fd-slicer-1.1.0.tgz 0ms (cache hit)
1959 http cache buffer-crc32@https://registry.npmjs.org/buffer-crc32/-/buffer-crc32-0.2.13.tgz 0ms (cache hit)
1960 http cache pend@https://registry.npmjs.org/pend/-/pend-1.2.0.tgz 0ms (cache hit)
1961 http cache webidl-conversions@https://registry.npmjs.org/webidl-conversions/-/webidl-conversions-3.0.1.tgz 0ms (cache hit)
1962 http cache @fastify/busboy@https://registry.npmjs.org/@fastify/busboy/-/busboy-2.1.1.tgz 0ms (cache hit)
1963 http cache tr46@https://registry.npmjs.org/tr46/-/tr46-0.0.3.tgz 0ms (cache hit)
1964 http cache yauzl-clone@https://registry.npmjs.org/yauzl-clone/-/yauzl-clone-1.0.4.tgz 0ms (cache hit)
1965 http cache os-paths@https://registry.npmjs.org/os-paths/-/os-paths-4.4.0.tgz 0ms (cache hit)
1966 http cache xdg-portable@https://registry.npmjs.org/xdg-portable/-/xdg-portable-7.3.0.tgz 0ms (cache hit)
1967 http cache undici-types@https://registry.npmjs.org/undici-types/-/undici-types-7.24.6.tgz 0ms (cache hit)
1968 http cache resolve-pkg-maps@https://registry.npmjs.org/resolve-pkg-maps/-/resolve-pkg-maps-1.0.0.tgz 0ms (cache hit)
1969 http cache yauzl@https://registry.npmjs.org/yauzl/-/yauzl-2.10.0.tgz 0ms (cache hit)
1970 http cache @types/node@https://registry.npmjs.org/@types/node/-/node-25.9.1.tgz 0ms (cache hit)
1971 http cache is-number@https://registry.npmjs.org/is-number/-/is-number-7.0.0.tgz 0ms (cache hit)
1972 http cache queue-microtask@https://registry.npmjs.org/queue-microtask/-/queue-microtask-1.2.3.tgz 0ms (cache hit)
1973 http cache get-tsconfig@https://registry.npmjs.org/get-tsconfig/-/get-tsconfig-4.14.0.tgz 0ms (cache hit)
1974 http cache braces@https://registry.npmjs.org/braces/-/braces-3.0.3.tgz 0ms (cache hit)
1975 http cache to-regex-range@https://registry.npmjs.org/to-regex-range/-/to-regex-range-5.0.1.tgz 0ms (cache hit)
1976 http cache fill-range@https://registry.npmjs.org/fill-range/-/fill-range-7.1.1.tgz 0ms (cache hit)
1977 http cache reusify@https://registry.npmjs.org/reusify/-/reusify-1.1.0.tgz 0ms (cache hit)
1978 http cache fastq@https://registry.npmjs.org/fastq/-/fastq-1.20.1.tgz 0ms (cache hit)
1979 http cache run-parallel@https://registry.npmjs.org/run-parallel/-/run-parallel-1.2.0.tgz 0ms (cache hit)
1980 http cache micromatch@https://registry.npmjs.org/micromatch/-/micromatch-4.0.8.tgz 0ms (cache hit)
1981 http cache @nodelib/fs.scandir@https://registry.npmjs.org/@nodelib/fs.scandir/-/fs.scandir-2.1.5.tgz 0ms (cache hit)
1982 http cache merge2@https://registry.npmjs.org/merge2/-/merge2-1.4.1.tgz 0ms (cache hit)
1983 http cache @nodelib/fs.walk@https://registry.npmjs.org/@nodelib/fs.walk/-/fs.walk-1.2.8.tgz 0ms (cache hit)
1984 http cache mkdirp@https://registry.npmjs.org/mkdirp/-/mkdirp-1.0.4.tgz 0ms (cache hit)
1985 http cache code-block-writer@https://registry.npmjs.org/code-block-writer/-/code-block-writer-10.1.1.tgz 0ms (cache hit)
1986 http cache fast-glob@https://registry.npmjs.org/fast-glob/-/fast-glob-3.3.3.tgz 0ms (cache hit)
1987 http cache convert-hrtime@https://registry.npmjs.org/convert-hrtime/-/convert-hrtime-3.0.0.tgz 0ms (cache hit)
1988 http cache @ts-morph/common@https://registry.npmjs.org/@ts-morph/common/-/common-0.11.1.tgz 0ms (cache hit)
1989 http cache text-decoder@https://registry.npmjs.org/text-decoder/-/text-decoder-1.2.7.tgz 0ms (cache hit)
1990 http cache bare-events@https://registry.npmjs.org/bare-events/-/bare-events-2.8.3.tgz 0ms (cache hit)
1991 http cache @nodelib/fs.stat@https://registry.npmjs.org/@nodelib/fs.stat/-/fs.stat-2.0.5.tgz 0ms (cache hit)
1992 http cache events-universal@https://registry.npmjs.org/events-universal/-/events-universal-1.0.1.tgz 0ms (cache hit)
1993 http cache streamx@https://registry.npmjs.org/streamx/-/streamx-2.26.0.tgz 0ms (cache hit)
1994 http cache b4a@https://registry.npmjs.org/b4a/-/b4a-1.8.1.tgz 0ms (cache hit)
1995 http cache stream-to-array@https://registry.npmjs.org/stream-to-array/-/stream-to-array-2.3.0.tgz 0ms (cache hit)
1996 http cache minizlib@https://registry.npmjs.org/minizlib/-/minizlib-3.1.0.tgz 0ms (cache hit)
1997 http cache @isaacs/fs-minipass@https://registry.npmjs.org/@isaacs/fs-minipass/-/fs-minipass-4.0.1.tgz 0ms (cache hit)
1998 http cache chownr@https://registry.npmjs.org/chownr/-/chownr-3.0.0.tgz 0ms (cache hit)
1999 http cache smart-buffer@https://registry.npmjs.org/smart-buffer/-/smart-buffer-4.2.0.tgz 0ms (cache hit)
2000 http cache any-promise@https://registry.npmjs.org/any-promise/-/any-promise-1.3.0.tgz 0ms (cache hit)
2001 http cache fast-fifo@https://registry.npmjs.org/fast-fifo/-/fast-fifo-1.3.2.tgz 0ms (cache hit)
2002 http cache cookie-es@https://registry.npmjs.org/cookie-es/-/cookie-es-2.0.1.tgz 0ms (cache hit)
2003 http cache ip-address@https://registry.npmjs.org/ip-address/-/ip-address-10.2.0.tgz 0ms (cache hit)
2004 http cache jsonlines@https://registry.npmjs.org/jsonlines/-/jsonlines-0.1.1.tgz 0ms (cache hit)
2005 http cache tar-stream@https://registry.npmjs.org/tar-stream/-/tar-stream-3.1.7.tgz 0ms (cache hit)
2006 http cache @vercel/oidc@https://registry.npmjs.org/@vercel/oidc/-/oidc-3.2.0.tgz 0ms (cache hit)
2007 http cache safer-buffer@https://registry.npmjs.org/safer-buffer/-/safer-buffer-2.1.2.tgz 0ms (cache hit)
2008 http cache toidentifier@https://registry.npmjs.org/toidentifier/-/toidentifier-1.0.0.tgz 0ms (cache hit)
2009 http cache @vercel/sandbox@https://registry.npmjs.org/@vercel/sandbox/-/sandbox-1.9.0.tgz 0ms (cache hit)
2010 http cache setprototypeof@https://registry.npmjs.org/setprototypeof/-/setprototypeof-1.1.1.tgz 0ms (cache hit)
2011 http cache depd@https://registry.npmjs.org/depd/-/depd-1.1.2.tgz 0ms (cache hit)
2012 http cache inherits@https://registry.npmjs.org/inherits/-/inherits-2.0.4.tgz 0ms (cache hit)
2013 http cache socks@https://registry.npmjs.org/socks/-/socks-2.8.9.tgz 0ms (cache hit)
2014 http cache unpipe@https://registry.npmjs.org/unpipe/-/unpipe-1.0.0.tgz 0ms (cache hit)
2015 http cache path-browserify@https://registry.npmjs.org/path-browserify/-/path-browserify-1.0.1.tgz 0ms (cache hit)
2016 http cache statuses@https://registry.npmjs.org/statuses/-/statuses-1.5.0.tgz 0ms (cache hit)
2017 http cache http-errors@https://registry.npmjs.org/http-errors/-/http-errors-1.7.3.tgz 0ms (cache hit)
2018 http cache iconv-lite@https://registry.npmjs.org/iconv-lite/-/iconv-lite-0.4.24.tgz 0ms (cache hit)
2019 http cache end-of-stream@https://registry.npmjs.org/end-of-stream/-/end-of-stream-1.4.5.tgz 0ms (cache hit)
2020 http cache source-map@https://registry.npmjs.org/source-map/-/source-map-0.6.1.tgz 0ms (cache hit)
2021 http cache bytes@https://registry.npmjs.org/bytes/-/bytes-3.1.0.tgz 0ms (cache hit)
2022 http cache esprima@https://registry.npmjs.org/esprima/-/esprima-4.0.1.tgz 0ms (cache hit)
2023 http cache escodegen@https://registry.npmjs.org/escodegen/-/escodegen-2.1.0.tgz 0ms (cache hit)
2024 http cache ast-types@https://registry.npmjs.org/ast-types/-/ast-types-0.13.4.tgz 0ms (cache hit)
2025 http cache netmask@https://registry.npmjs.org/netmask/-/netmask-2.1.1.tgz 0ms (cache hit)
2026 http cache wrappy@https://registry.npmjs.org/wrappy/-/wrappy-1.0.2.tgz 0ms (cache hit)
2027 http cache degenerator@https://registry.npmjs.org/degenerator/-/degenerator-5.0.1.tgz 0ms (cache hit)
2028 http cache data-uri-to-buffer@https://registry.npmjs.org/data-uri-to-buffer/-/data-uri-to-buffer-6.0.2.tgz 0ms (cache hit)
2029 http cache basic-ftp@https://registry.npmjs.org/basic-ftp/-/basic-ftp-5.3.1.tgz 0ms (cache hit)
2030 http cache socks-proxy-agent@https://registry.npmjs.org/socks-proxy-agent/-/socks-proxy-agent-8.0.5.tgz 0ms (cache hit)
2031 http cache proxy-from-env@https://registry.npmjs.org/proxy-from-env/-/proxy-from-env-1.1.0.tgz 0ms (cache hit)
2032 http cache pac-resolver@https://registry.npmjs.org/pac-resolver/-/pac-resolver-7.0.1.tgz 0ms (cache hit)
2033 http cache @tootallnate/quickjs-emscripten@https://registry.npmjs.org/@tootallnate/quickjs-emscripten/-/quickjs-emscripten-0.23.0.tgz 0ms (cache hit)
2034 http cache get-uri@https://registry.npmjs.org/get-uri/-/get-uri-6.0.5.tgz 0ms (cache hit)
2035 http cache http-proxy-agent@https://registry.npmjs.org/http-proxy-agent/-/http-proxy-agent-7.0.2.tgz 0ms (cache hit)
2036 http cache pac-proxy-agent@https://registry.npmjs.org/pac-proxy-agent/-/pac-proxy-agent-7.2.0.tgz 0ms (cache hit)
2037 http cache parse-ms@https://registry.npmjs.org/parse-ms/-/parse-ms-2.1.0.tgz 0ms (cache hit)
2038 http cache mimic-fn@https://registry.npmjs.org/mimic-fn/-/mimic-fn-2.1.0.tgz 0ms (cache hit)
2039 http cache @oxc-transform/binding-darwin-arm64@https://registry.npmjs.org/@oxc-transform/binding-darwin-arm64/-/binding-darwin-arm64-0.111.0.tgz 0ms (cache hit)
2040 http cache abbrev@https://registry.npmjs.org/abbrev/-/abbrev-3.0.1.tgz 0ms (cache hit)
2041 http cache whatwg-url@https://registry.npmjs.org/whatwg-url/-/whatwg-url-5.0.0.tgz 0ms (cache hit)
2042 http cache content-type@https://registry.npmjs.org/content-type/-/content-type-1.0.4.tgz 0ms (cache hit)
2043 http cache raw-body@https://registry.npmjs.org/raw-body/-/raw-body-2.4.1.tgz 0ms (cache hit)
2044 http cache arg@https://registry.npmjs.org/arg/-/arg-4.1.0.tgz 0ms (cache hit)
2045 http cache argparse@https://registry.npmjs.org/argparse/-/argparse-2.0.1.tgz 0ms (cache hit)
2046 http cache ts-toolbelt@https://registry.npmjs.org/ts-toolbelt/-/ts-toolbelt-6.15.5.tgz 0ms (cache hit)
2047 http cache mime-db@https://registry.npmjs.org/mime-db/-/mime-db-1.52.0.tgz 0ms (cache hit)
2048 http cache agent-base@https://registry.npmjs.org/agent-base/-/agent-base-7.1.4.tgz 0ms (cache hit)
2049 http cache minipass@https://registry.npmjs.org/minipass/-/minipass-7.1.3.tgz 0ms (cache hit)
2050 http cache dunder-proto@https://registry.npmjs.org/dunder-proto/-/dunder-proto-1.0.1.tgz 0ms (cache hit)
2051 http cache pump@https://registry.npmjs.org/pump/-/pump-3.0.4.tgz 0ms (cache hit)
2052 http cache path-scurry@https://registry.npmjs.org/path-scurry/-/path-scurry-2.0.2.tgz 0ms (cache hit)
2053 http cache math-intrinsics@https://registry.npmjs.org/math-intrinsics/-/math-intrinsics-1.1.0.tgz 0ms (cache hit)
2054 http cache gopd@https://registry.npmjs.org/gopd/-/gopd-1.2.0.tgz 0ms (cache hit)
2055 http cache has-symbols@https://registry.npmjs.org/has-symbols/-/has-symbols-1.1.0.tgz 0ms (cache hit)
2056 http cache get-proto@https://registry.npmjs.org/get-proto/-/get-proto-1.0.1.tgz 0ms (cache hit)
2057 http cache function-bind@https://registry.npmjs.org/function-bind/-/function-bind-1.1.2.tgz 0ms (cache hit)
2058 http cache es-define-property@https://registry.npmjs.org/es-define-property/-/es-define-property-1.0.1.tgz 0ms (cache hit)
2059 http cache es-object-atoms@https://registry.npmjs.org/es-object-atoms/-/es-object-atoms-1.1.2.tgz 0ms (cache hit)
2060 http cache once@https://registry.npmjs.org/once/-/once-1.4.0.tgz 0ms (cache hit)
2061 http cache universalify@https://registry.npmjs.org/universalify/-/universalify-2.0.1.tgz 0ms (cache hit)
2062 http cache jsonfile@https://registry.npmjs.org/jsonfile/-/jsonfile-6.2.1.tgz 0ms (cache hit)
2063 http cache has-tostringtag@https://registry.npmjs.org/has-tostringtag/-/has-tostringtag-1.0.2.tgz 0ms (cache hit)
2064 http cache delayed-stream@https://registry.npmjs.org/delayed-stream/-/delayed-stream-1.0.0.tgz 0ms (cache hit)
2065 http cache get-intrinsic@https://registry.npmjs.org/get-intrinsic/-/get-intrinsic-1.3.0.tgz 0ms (cache hit)
2066 http cache es-errors@https://registry.npmjs.org/es-errors/-/es-errors-1.3.0.tgz 0ms (cache hit)
2067 http cache hasown@https://registry.npmjs.org/hasown/-/hasown-2.0.4.tgz 0ms (cache hit)
2068 http cache combined-stream@https://registry.npmjs.org/combined-stream/-/combined-stream-1.0.8.tgz 0ms (cache hit)
2069 http cache asynckit@https://registry.npmjs.org/asynckit/-/asynckit-0.4.0.tgz 0ms (cache hit)
2070 http cache es-set-tostringtag@https://registry.npmjs.org/es-set-tostringtag/-/es-set-tostringtag-2.1.0.tgz 0ms (cache hit)
2071 http cache p-finally@https://registry.npmjs.org/p-finally/-/p-finally-2.0.1.tgz 0ms (cache hit)
2072 http cache onetime@https://registry.npmjs.org/onetime/-/onetime-5.1.2.tgz 0ms (cache hit)
2073 http cache call-bind-apply-helpers@https://registry.npmjs.org/call-bind-apply-helpers/-/call-bind-apply-helpers-1.0.2.tgz 0ms (cache hit)
2074 http cache npm-run-path@https://registry.npmjs.org/npm-run-path/-/npm-run-path-4.0.1.tgz 0ms (cache hit)
2075 http cache merge-stream@https://registry.npmjs.org/merge-stream/-/merge-stream-2.0.0.tgz 0ms (cache hit)
2076 http cache strip-final-newline@https://registry.npmjs.org/strip-final-newline/-/strip-final-newline-2.0.0.tgz 0ms (cache hit)
2077 http cache human-signals@https://registry.npmjs.org/human-signals/-/human-signals-1.1.1.tgz 0ms (cache hit)
2078 http cache get-stream@https://registry.npmjs.org/get-stream/-/get-stream-5.2.0.tgz 0ms (cache hit)
2079 http cache time-span@https://registry.npmjs.org/time-span/-/time-span-4.0.0.tgz 0ms (cache hit)
2080 http cache signal-exit@https://registry.npmjs.org/signal-exit/-/signal-exit-4.0.2.tgz 0ms (cache hit)
2081 http cache pretty-ms@https://registry.npmjs.org/pretty-ms/-/pretty-ms-7.0.1.tgz 0ms (cache hit)
2082 http cache mri@https://registry.npmjs.org/mri/-/mri-1.2.0.tgz 0ms (cache hit)
2083 http cache is-stream@https://registry.npmjs.org/is-stream/-/is-stream-2.0.1.tgz 0ms (cache hit)
2084 http cache @edge-runtime/ponyfill@https://registry.npmjs.org/@edge-runtime/ponyfill/-/ponyfill-2.4.2.tgz 0ms (cache hit)
2085 http cache @edge-runtime/format@https://registry.npmjs.org/@edge-runtime/format/-/format-2.2.1.tgz 0ms (cache hit)
2086 http cache readdirp@https://registry.npmjs.org/readdirp/-/readdirp-4.1.2.tgz 0ms (cache hit)
2087 http cache file-uri-to-path@https://registry.npmjs.org/file-uri-to-path/-/file-uri-to-path-1.0.0.tgz 0ms (cache hit)
2088 http cache retry@https://registry.npmjs.org/retry/-/retry-0.13.1.tgz 0ms (cache hit)
2089 http cache @esbuild/darwin-arm64@https://registry.npmjs.org/@esbuild/darwin-arm64/-/darwin-arm64-0.27.0.tgz 0ms (cache hit)
2090 http cache @vercel/gatsby-plugin-vercel-builder@https://registry.npmjs.org/@vercel/gatsby-plugin-vercel-builder/-/gatsby-plugin-vercel-builder-2.2.10.tgz 0ms (cache hit)
2091 http cache @vercel/gatsby-plugin-vercel-analytics@https://registry.npmjs.org/@vercel/gatsby-plugin-vercel-analytics/-/gatsby-plugin-vercel-analytics-1.0.11.tgz 0ms (cache hit)
2092 http cache json-schema-to-ts@https://registry.npmjs.org/json-schema-to-ts/-/json-schema-to-ts-1.6.4.tgz 0ms (cache hit)
2093 http cache js-yaml@https://registry.npmjs.org/js-yaml/-/js-yaml-4.1.1.tgz 0ms (cache hit)
2094 http cache typescript@https://registry.npmjs.org/typescript/-/typescript-5.9.3.tgz 0ms (cache hit)
2095 http cache @renovatebot/pep440@https://registry.npmjs.org/@renovatebot/pep440/-/pep440-4.2.1.tgz 0ms (cache hit)
2096 http cache @bytecodealliance/preview2-shim@https://registry.npmjs.org/@bytecodealliance/preview2-shim/-/preview2-shim-0.17.6.tgz 0ms (cache hit)
2097 http cache @sinclair/typebox@https://registry.npmjs.org/@sinclair/typebox/-/typebox-0.25.24.tgz 0ms (cache hit)
2098 http cache web-vitals@https://registry.npmjs.org/web-vitals/-/web-vitals-0.2.4.tgz 0ms (cache hit)
2099 http cache mime-types@https://registry.npmjs.org/mime-types/-/mime-types-2.1.35.tgz 0ms (cache hit)
2100 http cache etag@https://registry.npmjs.org/etag/-/etag-1.8.1.tgz 0ms (cache hit)
2101 http cache @edge-runtime/vm@https://registry.npmjs.org/@edge-runtime/vm/-/vm-3.2.0.tgz 0ms (cache hit)
2102 http cache @edge-runtime/primitives@https://registry.npmjs.org/@edge-runtime/primitives/-/primitives-4.1.0.tgz 0ms (cache hit)
2103 http cache @vercel/error-utils@https://registry.npmjs.org/@vercel/error-utils/-/error-utils-2.1.0.tgz 0ms (cache hit)
2104 http cache @edge-runtime/node-utils@https://registry.npmjs.org/@edge-runtime/node-utils/-/node-utils-2.3.0.tgz 0ms (cache hit)
2105 http cache edge-runtime@https://registry.npmjs.org/edge-runtime/-/edge-runtime-2.5.9.tgz 0ms (cache hit)
2106 http cache path-to-regexp-updated@https://registry.npmjs.org/path-to-regexp/-/path-to-regexp-6.3.0.tgz 0ms (cache hit)
2107 http cache nopt@https://registry.npmjs.org/nopt/-/nopt-8.1.0.tgz 0ms (cache hit)
2108 http cache resolve-from@https://registry.npmjs.org/resolve-from/-/resolve-from-5.0.0.tgz 0ms (cache hit)
2109 http cache https-proxy-agent@https://registry.npmjs.org/https-proxy-agent/-/https-proxy-agent-7.0.6.tgz 0ms (cache hit)
2110 http cache node-gyp-build@https://registry.npmjs.org/node-gyp-build/-/node-gyp-build-4.8.4.tgz 0ms (cache hit)
2111 http cache consola@https://registry.npmjs.org/consola/-/consola-3.4.2.tgz 0ms (cache hit)
2112 http cache glob@https://registry.npmjs.org/glob/-/glob-13.0.6.tgz 0ms (cache hit)
2113 http cache bindings@https://registry.npmjs.org/bindings/-/bindings-1.5.0.tgz 0ms (cache hit)
2114 http cache estree-walker@https://registry.npmjs.org/estree-walker/-/estree-walker-2.0.2.tgz 0ms (cache hit)
2115 http cache acorn-import-attributes@https://registry.npmjs.org/acorn-import-attributes/-/acorn-import-attributes-1.9.5.tgz 0ms (cache hit)
2116 http cache graceful-fs@https://registry.npmjs.org/graceful-fs/-/graceful-fs-4.2.11.tgz 0ms (cache hit)
2117 http cache @rollup/pluginutils@https://registry.npmjs.org/@rollup/pluginutils/-/pluginutils-5.3.0.tgz 0ms (cache hit)
2118 http cache async-sema@https://registry.npmjs.org/async-sema/-/async-sema-3.1.1.tgz 0ms (cache hit)
2119 http cache yauzl-promise@https://registry.npmjs.org/yauzl-promise/-/yauzl-promise-2.1.3.tgz 0ms (cache hit)
2120 http cache tinyexec@https://registry.npmjs.org/tinyexec/-/tinyexec-0.3.2.tgz 0ms (cache hit)
2121 http cache uid-promise@https://registry.npmjs.org/uid-promise/-/uid-promise-1.0.0.tgz 0ms (cache hit)
2122 http cache tar@https://registry.npmjs.org/tar/-/tar-7.5.7.tgz 0ms (cache hit)
2123 http cache stream-to-promise@https://registry.npmjs.org/stream-to-promise/-/stream-to-promise-2.2.0.tgz 0ms (cache hit)
2124 http cache promisepipe@https://registry.npmjs.org/promisepipe/-/promisepipe-3.0.0.tgz 0ms (cache hit)
2125 http cache stat-mode@https://registry.npmjs.org/stat-mode/-/stat-mode-0.3.0.tgz 0ms (cache hit)
2126 http cache @mapbox/node-pre-gyp@https://registry.npmjs.org/@mapbox/node-pre-gyp/-/node-pre-gyp-2.0.3.tgz 0ms (cache hit)
2127 http cache tree-kill@https://registry.npmjs.org/tree-kill/-/tree-kill-1.2.2.tgz 0ms (cache hit)
2128 http cache micro@https://registry.npmjs.org/micro/-/micro-9.3.5-canary.3.tgz 0ms (cache hit)
2129 http cache node-fetch@https://registry.npmjs.org/node-fetch/-/node-fetch-2.6.7.tgz 0ms (cache hit)
2130 http cache @tootallnate/once@https://registry.npmjs.org/@tootallnate/once/-/once-2.0.0.tgz 0ms (cache hit)
2131 http cache @vercel/cervel@https://registry.npmjs.org/@vercel/cervel/-/cervel-0.1.10.tgz 0ms (cache hit)
2132 http cache ts-morph@https://registry.npmjs.org/ts-morph/-/ts-morph-12.0.0.tgz 0ms (cache hit)
2133 http cache @vercel/static-config@https://registry.npmjs.org/@vercel/static-config/-/static-config-3.4.0.tgz 0ms (cache hit)
2134 http cache xdg-app-paths@https://registry.npmjs.org/xdg-app-paths/-/xdg-app-paths-5.5.1.tgz 0ms (cache hit)
2135 http cache async-listen@https://registry.npmjs.org/async-listen/-/async-listen-1.2.0.tgz 0ms (cache hit)
2136 http cache generic-pool@https://registry.npmjs.org/generic-pool/-/generic-pool-3.4.2.tgz 0ms (cache hit)
2137 http cache cjs-module-lexer@https://registry.npmjs.org/cjs-module-lexer/-/cjs-module-lexer-1.2.3.tgz 0ms (cache hit)
2138 http cache es-module-lexer@https://registry.npmjs.org/es-module-lexer/-/es-module-lexer-1.5.0.tgz 0ms (cache hit)
2139 http cache is-node-process@https://registry.npmjs.org/is-node-process/-/is-node-process-1.2.0.tgz 0ms (cache hit)
2140 http cache undici@https://registry.npmjs.org/undici/-/undici-6.26.0.tgz 0ms (cache hit)
2141 http cache @vercel/python-analysis@https://registry.npmjs.org/@vercel/python-analysis/-/python-analysis-0.11.1.tgz 0ms (cache hit)
2142 http cache is-buffer@https://registry.npmjs.org/is-buffer/-/is-buffer-2.0.5.tgz 0ms (cache hit)
2143 http cache throttleit@https://registry.npmjs.org/throttleit/-/throttleit-2.1.0.tgz 0ms (cache hit)
2144 http cache tsx@https://registry.npmjs.org/tsx/-/tsx-4.21.0.tgz 0ms (cache hit)
2145 http cache resolve.exports@https://registry.npmjs.org/resolve.exports/-/resolve.exports-2.0.3.tgz 0ms (cache hit)
2146 http cache async-retry@https://registry.npmjs.org/async-retry/-/async-retry-1.3.3.tgz 0ms (cache hit)
2147 http cache oxc-transform@https://registry.npmjs.org/oxc-transform/-/oxc-transform-0.111.0.tgz 0ms (cache hit)
2148 http cache srvx@https://registry.npmjs.org/srvx/-/srvx-0.8.9.tgz 0ms (cache hit)
2149 http cache fs-extra@https://registry.npmjs.org/fs-extra/-/fs-extra-11.1.0.tgz 0ms (cache hit)
2150 http cache path-to-regexp@https://registry.npmjs.org/path-to-regexp/-/path-to-regexp-8.3.0.tgz 0ms (cache hit)
2151 http cache smol-toml@https://registry.npmjs.org/smol-toml/-/smol-toml-1.5.2.tgz 0ms (cache hit)
2152 http cache execa@https://registry.npmjs.org/execa/-/execa-3.2.0.tgz 0ms (cache hit)
2153 http cache sandbox@https://registry.npmjs.org/sandbox/-/sandbox-2.5.6.tgz 0ms (cache hit)
2154 http cache @vercel/nft@https://registry.npmjs.org/@vercel/nft/-/nft-1.5.0.tgz 0ms (cache hit)
2155 http cache proxy-agent@https://registry.npmjs.org/proxy-agent/-/proxy-agent-6.4.0.tgz 0ms (cache hit)
2156 http cache jose@https://registry.npmjs.org/jose/-/jose-5.9.6.tgz 0ms (cache hit)
2157 http cache luxon@https://registry.npmjs.org/luxon/-/luxon-3.7.2.tgz 0ms (cache hit)
2158 http cache esbuild@https://registry.npmjs.org/esbuild/-/esbuild-0.27.0.tgz 0ms (cache hit)
2159 http cache chokidar@https://registry.npmjs.org/chokidar/-/chokidar-4.0.0.tgz 0ms (cache hit)
2160 http cache @vercel/static-build@https://registry.npmjs.org/@vercel/static-build/-/static-build-2.9.33.tgz 0ms (cache hit)
2161 http cache get-port@https://registry.npmjs.org/get-port/-/get-port-5.1.1.tgz 0ms (cache hit)
2162 http cache @vercel/rust@https://registry.npmjs.org/@vercel/rust/-/rust-1.3.0.tgz 0ms (cache hit)
2163 http cache form-data@https://registry.npmjs.org/form-data/-/form-data-4.0.5.tgz 0ms (cache hit)
2164 http cache @vercel/ruby@https://registry.npmjs.org/@vercel/ruby/-/ruby-2.4.0.tgz 0ms (cache hit)
2165 http cache @vercel/python@https://registry.npmjs.org/@vercel/python/-/python-6.43.3.tgz 0ms (cache hit)
2166 http cache @vercel/node@https://registry.npmjs.org/@vercel/node/-/node-5.8.7.tgz 0ms (cache hit)
2167 http cache @vercel/remix-builder@https://registry.npmjs.org/@vercel/remix-builder/-/remix-builder-5.8.3.tgz 0ms (cache hit)
2168 http cache @vercel/next@https://registry.npmjs.org/@vercel/next/-/next-4.17.4.tgz 0ms (cache hit)
2169 http cache @vercel/prepare-flags-definitions@https://registry.npmjs.org/@vercel/prepare-flags-definitions/-/prepare-flags-definitions-0.2.1.tgz 0ms (cache hit)
2170 http cache @vercel/nestjs@https://registry.npmjs.org/@vercel/nestjs/-/nestjs-0.2.87.tgz 0ms (cache hit)
2171 http cache @vercel/koa@https://registry.npmjs.org/@vercel/koa/-/koa-0.1.66.tgz 0ms (cache hit)
2172 http cache @vercel/redwood@https://registry.npmjs.org/@vercel/redwood/-/redwood-2.4.14.tgz 0ms (cache hit)
2173 http cache @vercel/hono@https://registry.npmjs.org/@vercel/hono/-/hono-0.2.86.tgz 0ms (cache hit)
2174 http cache @vercel/go@https://registry.npmjs.org/@vercel/go/-/go-3.8.0.tgz 0ms (cache hit)
2175 http cache @vercel/fastify@https://registry.npmjs.org/@vercel/fastify/-/fastify-0.1.86.tgz 0ms (cache hit)
2176 http cache @vercel/hydrogen@https://registry.npmjs.org/@vercel/hydrogen/-/hydrogen-1.3.8.tgz 0ms (cache hit)
2177 http cache @vercel/h3@https://registry.npmjs.org/@vercel/h3/-/h3-0.1.92.tgz 0ms (cache hit)
2178 http cache @vercel/elysia@https://registry.npmjs.org/@vercel/elysia/-/elysia-0.1.83.tgz 0ms (cache hit)
2179 http cache @vercel/fun@https://registry.npmjs.org/@vercel/fun/-/fun-1.3.0.tgz 0ms (cache hit)
2180 http cache @vercel/express@https://registry.npmjs.org/@vercel/express/-/express-0.1.93.tgz 0ms (cache hit)
2181 http cache @vercel/detect-agent@https://registry.npmjs.org/@vercel/detect-agent/-/detect-agent-1.2.3.tgz 0ms (cache hit)
2182 http cache @vercel/build-utils@https://registry.npmjs.org/@vercel/build-utils/-/build-utils-13.26.4.tgz 0ms (cache hit)
2183 http cache @vercel/backends@https://registry.npmjs.org/@vercel/backends/-/backends-0.8.2.tgz 0ms (cache hit)
2184 http cache @vercel/blob@https://registry.npmjs.org/@vercel/blob/-/blob-2.4.0.tgz 0ms (cache hit)
2185 http cache @vercel/cli-config@https://registry.npmjs.org/@vercel/cli-config/-/cli-config-0.1.2.tgz 0ms (cache hit)
2186 http cache vercel@https://registry.npmjs.org/vercel/-/vercel-54.6.0.tgz 0ms (cache hit)
2187 http cache tslib@https://registry.npmjs.org/tslib/-/tslib-2.8.1.tgz 0ms (cache hit)
2188 http cache @napi-rs/wasm-runtime@https://registry.npmjs.org/@napi-rs/wasm-runtime/-/wasm-runtime-1.1.4.tgz 0ms (cache hit)
2189 http cache @emnapi/wasi-threads@https://registry.npmjs.org/@emnapi/wasi-threads/-/wasi-threads-1.2.1.tgz 0ms (cache hit)
2190 http cache @emnapi/runtime@https://registry.npmjs.org/@emnapi/runtime/-/runtime-1.10.0.tgz 0ms (cache hit)
2191 http cache @tybys/wasm-util@https://registry.npmjs.org/@tybys/wasm-util/-/wasm-util-0.10.2.tgz 0ms (cache hit)
2192 http cache picomatch@https://registry.npmjs.org/picomatch/-/picomatch-2.3.2.tgz 0ms (cache hit)
2193 http cache @emnapi/core@https://registry.npmjs.org/@emnapi/core/-/core-1.10.0.tgz 0ms (cache hit)
2194 http cache brace-expansion@https://registry.npmjs.org/brace-expansion/-/brace-expansion-1.1.15.tgz 0ms (cache hit)
2195 http cache balanced-match@https://registry.npmjs.org/balanced-match/-/balanced-match-1.0.2.tgz 0ms (cache hit)
2196 http cache undici@https://registry.npmjs.org/undici/-/undici-7.26.0.tgz 0ms (cache hit)
2197 http cache minimatch@https://registry.npmjs.org/minimatch/-/minimatch-3.1.5.tgz 0ms (cache hit)
2198 http cache glob-parent@https://registry.npmjs.org/glob-parent/-/glob-parent-5.1.2.tgz 0ms (cache hit)
2199 http cache lru-cache@https://registry.npmjs.org/lru-cache/-/lru-cache-11.5.1.tgz 0ms (cache hit)
2200 http cache zod@https://registry.npmjs.org/zod/-/zod-3.24.4.tgz 0ms (cache hit)
2201 http cache xdg-app-paths@https://registry.npmjs.org/xdg-app-paths/-/xdg-app-paths-5.1.0.tgz 0ms (cache hit)
2202 http cache picocolors@https://registry.npmjs.org/picocolors/-/picocolors-1.0.0.tgz 0ms (cache hit)
2203 http cache async-listen@https://registry.npmjs.org/async-listen/-/async-listen-3.0.1.tgz 0ms (cache hit)
2204 http cache yallist@https://registry.npmjs.org/yallist/-/yallist-5.0.0.tgz 0ms (cache hit)
2205 http cache semver@https://registry.npmjs.org/semver/-/semver-7.8.1.tgz 0ms (cache hit)
2206 http cache end-of-stream@https://registry.npmjs.org/end-of-stream/-/end-of-stream-1.1.0.tgz 0ms (cache hit)
2207 http cache ajv@https://registry.npmjs.org/ajv/-/ajv-8.6.3.tgz 0ms (cache hit)
2208 http cache minimatch@https://registry.npmjs.org/minimatch/-/minimatch-10.1.1.tgz 0ms (cache hit)
2209 http cache json-schema-traverse@https://registry.npmjs.org/json-schema-traverse/-/json-schema-traverse-1.0.0.tgz 0ms (cache hit)
2210 http cache zod@https://registry.npmjs.org/zod/-/zod-3.22.4.tgz 0ms (cache hit)
2211 http cache once@https://registry.npmjs.org/once/-/once-1.3.3.tgz 0ms (cache hit)
2212 http cache signal-exit@https://registry.npmjs.org/signal-exit/-/signal-exit-3.0.7.tgz 0ms (cache hit)
2213 http cache fs-extra@https://registry.npmjs.org/fs-extra/-/fs-extra-11.1.1.tgz 0ms (cache hit)
2214 http cache signal-exit@https://registry.npmjs.org/signal-exit/-/signal-exit-3.0.7.tgz 0ms (cache hit)
2215 http cache human-signals@https://registry.npmjs.org/human-signals/-/human-signals-2.1.0.tgz 0ms (cache hit)
2216 http cache path-to-regexp@https://registry.npmjs.org/path-to-regexp/-/path-to-regexp-6.1.0.tgz 0ms (cache hit)
2217 http cache get-stream@https://registry.npmjs.org/get-stream/-/get-stream-6.0.1.tgz 0ms (cache hit)
2218 http cache @types/node@https://registry.npmjs.org/@types/node/-/node-20.11.0.tgz 0ms (cache hit)
2219 http cache execa@https://registry.npmjs.org/execa/-/execa-5.1.1.tgz 0ms (cache hit)
2220 http cache undici-types@https://registry.npmjs.org/undici-types/-/undici-types-5.26.5.tgz 0ms (cache hit)
2221 http cache node-fetch@https://registry.npmjs.org/node-fetch/-/node-fetch-2.6.9.tgz 0ms (cache hit)
2222 http cache lru-cache@https://registry.npmjs.org/lru-cache/-/lru-cache-7.18.3.tgz 0ms (cache hit)
2223 http cache path-to-regexp@https://registry.npmjs.org/path-to-regexp/-/path-to-regexp-6.1.0.tgz 0ms (cache hit)
2224 http cache undici@https://registry.npmjs.org/undici/-/undici-5.28.4.tgz 0ms (cache hit)
2225 http cache zod@https://registry.npmjs.org/zod/-/zod-3.22.4.tgz 0ms (cache hit)
2226 http cache es-module-lexer@https://registry.npmjs.org/es-module-lexer/-/es-module-lexer-1.4.1.tgz 0ms (cache hit)
2227 http cache lru-cache@https://registry.npmjs.org/lru-cache/-/lru-cache-6.0.0.tgz 0ms (cache hit)
2228 http cache xdg-app-paths@https://registry.npmjs.org/xdg-app-paths/-/xdg-app-paths-5.1.0.tgz 0ms (cache hit)
2229 http cache semver@https://registry.npmjs.org/semver/-/semver-7.5.4.tgz 0ms (cache hit)
2230 http cache ms@https://registry.npmjs.org/ms/-/ms-2.1.1.tgz 0ms (cache hit)
2231 http cache yallist@https://registry.npmjs.org/yallist/-/yallist-4.0.0.tgz 0ms (cache hit)
2232 http cache ms@https://registry.npmjs.org/ms/-/ms-2.1.2.tgz 0ms (cache hit)
2233 http cache async-listen@https://registry.npmjs.org/async-listen/-/async-listen-3.0.0.tgz 0ms (cache hit)
2234 http cache debug@https://registry.npmjs.org/debug/-/debug-4.3.4.tgz 0ms (cache hit)
2235 http cache zod@https://registry.npmjs.org/zod/-/zod-3.22.4.tgz 0ms (cache hit)
2236 http cache @oxc-project/types@https://registry.npmjs.org/@oxc-project/types/-/types-0.110.0.tgz 0ms (cache hit)
2237 http cache zod@https://registry.npmjs.org/zod/-/zod-3.22.4.tgz 0ms (cache hit)
2238 http cache @rolldown/binding-darwin-arm64@https://registry.npmjs.org/@rolldown/binding-darwin-arm64/-/binding-darwin-arm64-1.0.0-rc.1.tgz 0ms (cache hit)
2239 http cache path-to-regexp@https://registry.npmjs.org/path-to-regexp/-/path-to-regexp-8.2.0.tgz 0ms (cache hit)
2240 http cache zod@https://registry.npmjs.org/zod/-/zod-4.1.11.tgz 0ms (cache hit)
2241 http cache @rolldown/pluginutils@https://registry.npmjs.org/@rolldown/pluginutils/-/pluginutils-1.0.0-rc.1.tgz 0ms (cache hit)
2242 silly tarball no local data for require-from-string@https://registry.npmjs.org/require-from-string/-/require-from-string-2.0.2.tgz. Extracting by manifest.
2243 silly tarball no local data for @isaacs/balanced-match@https://registry.npmjs.org/@isaacs/balanced-match/-/balanced-match-4.0.1.tgz. Extracting by manifest.
2244 http cache zod@https://registry.npmjs.org/zod/-/zod-4.1.11.tgz 0ms (cache hit)
2245 silly tarball no local data for @isaacs/brace-expansion@https://registry.npmjs.org/@isaacs/brace-expansion/-/brace-expansion-5.0.1.tgz. Extracting by manifest.
2246 silly tarball no local data for concat-map@https://registry.npmjs.org/concat-map/-/concat-map-0.0.1.tgz. Extracting by manifest.
2247 silly tarball no local data for events-intercept@https://registry.npmjs.org/events-intercept/-/events-intercept-2.0.0.tgz. Extracting by manifest.
2248 silly tarball no local data for fd-slicer@https://registry.npmjs.org/fd-slicer/-/fd-slicer-1.1.0.tgz. Extracting by manifest.
2249 silly tarball no local data for buffer-crc32@https://registry.npmjs.org/buffer-crc32/-/buffer-crc32-0.2.13.tgz. Extracting by manifest.
2250 http cache rolldown@https://registry.npmjs.org/rolldown/-/rolldown-1.0.0-rc.1.tgz 0ms (cache hit)
2251 silly tarball no local data for pend@https://registry.npmjs.org/pend/-/pend-1.2.0.tgz. Extracting by manifest.
2252 silly tarball no local data for webidl-conversions@https://registry.npmjs.org/webidl-conversions/-/webidl-conversions-3.0.1.tgz. Extracting by manifest.
2253 silly tarball no local data for @fastify/busboy@https://registry.npmjs.org/@fastify/busboy/-/busboy-2.1.1.tgz. Extracting by manifest.
2254 silly tarball no local data for tr46@https://registry.npmjs.org/tr46/-/tr46-0.0.3.tgz. Extracting by manifest.
2255 silly tarball no local data for yauzl-clone@https://registry.npmjs.org/yauzl-clone/-/yauzl-clone-1.0.4.tgz. Extracting by manifest.
2256 silly tarball no local data for os-paths@https://registry.npmjs.org/os-paths/-/os-paths-4.4.0.tgz. Extracting by manifest.
2257 silly tarball no local data for xdg-portable@https://registry.npmjs.org/xdg-portable/-/xdg-portable-7.3.0.tgz. Extracting by manifest.
2258 silly tarball no local data for undici-types@https://registry.npmjs.org/undici-types/-/undici-types-7.24.6.tgz. Extracting by manifest.
2259 silly tarball no local data for resolve-pkg-maps@https://registry.npmjs.org/resolve-pkg-maps/-/resolve-pkg-maps-1.0.0.tgz. Extracting by manifest.
2260 silly tarball no local data for yauzl@https://registry.npmjs.org/yauzl/-/yauzl-2.10.0.tgz. Extracting by manifest.
2261 silly tarball no local data for @types/node@https://registry.npmjs.org/@types/node/-/node-25.9.1.tgz. Extracting by manifest.
2262 silly tarball no local data for is-number@https://registry.npmjs.org/is-number/-/is-number-7.0.0.tgz. Extracting by manifest.
2263 silly tarball no local data for queue-microtask@https://registry.npmjs.org/queue-microtask/-/queue-microtask-1.2.3.tgz. Extracting by manifest.
2264 silly tarball no local data for get-tsconfig@https://registry.npmjs.org/get-tsconfig/-/get-tsconfig-4.14.0.tgz. Extracting by manifest.
2265 silly tarball no local data for braces@https://registry.npmjs.org/braces/-/braces-3.0.3.tgz. Extracting by manifest.
2266 silly tarball no local data for to-regex-range@https://registry.npmjs.org/to-regex-range/-/to-regex-range-5.0.1.tgz. Extracting by manifest.
2267 silly tarball no local data for fill-range@https://registry.npmjs.org/fill-range/-/fill-range-7.1.1.tgz. Extracting by manifest.
2268 silly tarball no local data for reusify@https://registry.npmjs.org/reusify/-/reusify-1.1.0.tgz. Extracting by manifest.
2269 silly tarball no local data for fastq@https://registry.npmjs.org/fastq/-/fastq-1.20.1.tgz. Extracting by manifest.
2270 silly tarball no local data for run-parallel@https://registry.npmjs.org/run-parallel/-/run-parallel-1.2.0.tgz. Extracting by manifest.
2271 silly tarball no local data for micromatch@https://registry.npmjs.org/micromatch/-/micromatch-4.0.8.tgz. Extracting by manifest.
2272 silly tarball no local data for @nodelib/fs.scandir@https://registry.npmjs.org/@nodelib/fs.scandir/-/fs.scandir-2.1.5.tgz. Extracting by manifest.
2273 silly tarball no local data for merge2@https://registry.npmjs.org/merge2/-/merge2-1.4.1.tgz. Extracting by manifest.
2274 silly tarball no local data for @nodelib/fs.walk@https://registry.npmjs.org/@nodelib/fs.walk/-/fs.walk-1.2.8.tgz. Extracting by manifest.
2275 silly tarball no local data for mkdirp@https://registry.npmjs.org/mkdirp/-/mkdirp-1.0.4.tgz. Extracting by manifest.
2276 silly tarball no local data for code-block-writer@https://registry.npmjs.org/code-block-writer/-/code-block-writer-10.1.1.tgz. Extracting by manifest.
2277 silly tarball no local data for fast-glob@https://registry.npmjs.org/fast-glob/-/fast-glob-3.3.3.tgz. Extracting by manifest.
2278 silly tarball no local data for convert-hrtime@https://registry.npmjs.org/convert-hrtime/-/convert-hrtime-3.0.0.tgz. Extracting by manifest.
2279 silly tarball no local data for @ts-morph/common@https://registry.npmjs.org/@ts-morph/common/-/common-0.11.1.tgz. Extracting by manifest.
2280 silly tarball no local data for text-decoder@https://registry.npmjs.org/text-decoder/-/text-decoder-1.2.7.tgz. Extracting by manifest.
2281 silly tarball no local data for bare-events@https://registry.npmjs.org/bare-events/-/bare-events-2.8.3.tgz. Extracting by manifest.
2282 silly tarball no local data for @nodelib/fs.stat@https://registry.npmjs.org/@nodelib/fs.stat/-/fs.stat-2.0.5.tgz. Extracting by manifest.
2283 silly tarball no local data for events-universal@https://registry.npmjs.org/events-universal/-/events-universal-1.0.1.tgz. Extracting by manifest.
2284 silly tarball no local data for streamx@https://registry.npmjs.org/streamx/-/streamx-2.26.0.tgz. Extracting by manifest.
2285 silly tarball no local data for b4a@https://registry.npmjs.org/b4a/-/b4a-1.8.1.tgz. Extracting by manifest.
2286 silly tarball no local data for stream-to-array@https://registry.npmjs.org/stream-to-array/-/stream-to-array-2.3.0.tgz. Extracting by manifest.
2287 silly tarball no local data for minizlib@https://registry.npmjs.org/minizlib/-/minizlib-3.1.0.tgz. Extracting by manifest.
2288 silly tarball no local data for @isaacs/fs-minipass@https://registry.npmjs.org/@isaacs/fs-minipass/-/fs-minipass-4.0.1.tgz. Extracting by manifest.
2289 silly tarball no local data for chownr@https://registry.npmjs.org/chownr/-/chownr-3.0.0.tgz. Extracting by manifest.
2290 silly tarball no local data for smart-buffer@https://registry.npmjs.org/smart-buffer/-/smart-buffer-4.2.0.tgz. Extracting by manifest.
2291 silly tarball no local data for any-promise@https://registry.npmjs.org/any-promise/-/any-promise-1.3.0.tgz. Extracting by manifest.
2292 silly tarball no local data for fast-fifo@https://registry.npmjs.org/fast-fifo/-/fast-fifo-1.3.2.tgz. Extracting by manifest.
2293 silly tarball no local data for cookie-es@https://registry.npmjs.org/cookie-es/-/cookie-es-2.0.1.tgz. Extracting by manifest.
2294 silly tarball no local data for ip-address@https://registry.npmjs.org/ip-address/-/ip-address-10.2.0.tgz. Extracting by manifest.
2295 silly tarball no local data for jsonlines@https://registry.npmjs.org/jsonlines/-/jsonlines-0.1.1.tgz. Extracting by manifest.
2296 silly tarball no local data for tar-stream@https://registry.npmjs.org/tar-stream/-/tar-stream-3.1.7.tgz. Extracting by manifest.
2297 silly tarball no local data for @vercel/oidc@https://registry.npmjs.org/@vercel/oidc/-/oidc-3.2.0.tgz. Extracting by manifest.
2298 silly tarball no local data for safer-buffer@https://registry.npmjs.org/safer-buffer/-/safer-buffer-2.1.2.tgz. Extracting by manifest.
2299 silly tarball no local data for toidentifier@https://registry.npmjs.org/toidentifier/-/toidentifier-1.0.0.tgz. Extracting by manifest.
2300 silly tarball no local data for @vercel/sandbox@https://registry.npmjs.org/@vercel/sandbox/-/sandbox-1.9.0.tgz. Extracting by manifest.
2301 silly tarball no local data for setprototypeof@https://registry.npmjs.org/setprototypeof/-/setprototypeof-1.1.1.tgz. Extracting by manifest.
2302 silly tarball no local data for depd@https://registry.npmjs.org/depd/-/depd-1.1.2.tgz. Extracting by manifest.
2303 silly tarball no local data for inherits@https://registry.npmjs.org/inherits/-/inherits-2.0.4.tgz. Extracting by manifest.
2304 silly tarball no local data for socks@https://registry.npmjs.org/socks/-/socks-2.8.9.tgz. Extracting by manifest.
2305 silly tarball no local data for unpipe@https://registry.npmjs.org/unpipe/-/unpipe-1.0.0.tgz. Extracting by manifest.
2306 silly tarball no local data for path-browserify@https://registry.npmjs.org/path-browserify/-/path-browserify-1.0.1.tgz. Extracting by manifest.
2307 silly tarball no local data for statuses@https://registry.npmjs.org/statuses/-/statuses-1.5.0.tgz. Extracting by manifest.
2308 silly tarball no local data for http-errors@https://registry.npmjs.org/http-errors/-/http-errors-1.7.3.tgz. Extracting by manifest.
2309 silly tarball no local data for iconv-lite@https://registry.npmjs.org/iconv-lite/-/iconv-lite-0.4.24.tgz. Extracting by manifest.
2310 silly tarball no local data for end-of-stream@https://registry.npmjs.org/end-of-stream/-/end-of-stream-1.4.5.tgz. Extracting by manifest.
2311 silly tarball no local data for source-map@https://registry.npmjs.org/source-map/-/source-map-0.6.1.tgz. Extracting by manifest.
2312 silly tarball no local data for bytes@https://registry.npmjs.org/bytes/-/bytes-3.1.0.tgz. Extracting by manifest.
2313 silly tarball no local data for esprima@https://registry.npmjs.org/esprima/-/esprima-4.0.1.tgz. Extracting by manifest.
2314 silly tarball no local data for escodegen@https://registry.npmjs.org/escodegen/-/escodegen-2.1.0.tgz. Extracting by manifest.
2315 silly tarball no local data for ast-types@https://registry.npmjs.org/ast-types/-/ast-types-0.13.4.tgz. Extracting by manifest.
2316 silly tarball no local data for netmask@https://registry.npmjs.org/netmask/-/netmask-2.1.1.tgz. Extracting by manifest.
2317 silly tarball no local data for wrappy@https://registry.npmjs.org/wrappy/-/wrappy-1.0.2.tgz. Extracting by manifest.
2318 silly tarball no local data for degenerator@https://registry.npmjs.org/degenerator/-/degenerator-5.0.1.tgz. Extracting by manifest.
2319 silly tarball no local data for data-uri-to-buffer@https://registry.npmjs.org/data-uri-to-buffer/-/data-uri-to-buffer-6.0.2.tgz. Extracting by manifest.
2320 silly tarball no local data for basic-ftp@https://registry.npmjs.org/basic-ftp/-/basic-ftp-5.3.1.tgz. Extracting by manifest.
2321 silly tarball no local data for socks-proxy-agent@https://registry.npmjs.org/socks-proxy-agent/-/socks-proxy-agent-8.0.5.tgz. Extracting by manifest.
2322 silly tarball no local data for proxy-from-env@https://registry.npmjs.org/proxy-from-env/-/proxy-from-env-1.1.0.tgz. Extracting by manifest.
2323 silly tarball no local data for pac-resolver@https://registry.npmjs.org/pac-resolver/-/pac-resolver-7.0.1.tgz. Extracting by manifest.
2324 silly tarball no local data for @tootallnate/quickjs-emscripten@https://registry.npmjs.org/@tootallnate/quickjs-emscripten/-/quickjs-emscripten-0.23.0.tgz. Extracting by manifest.
2325 silly tarball no local data for get-uri@https://registry.npmjs.org/get-uri/-/get-uri-6.0.5.tgz. Extracting by manifest.
2326 silly tarball no local data for http-proxy-agent@https://registry.npmjs.org/http-proxy-agent/-/http-proxy-agent-7.0.2.tgz. Extracting by manifest.
2327 silly tarball no local data for pac-proxy-agent@https://registry.npmjs.org/pac-proxy-agent/-/pac-proxy-agent-7.2.0.tgz. Extracting by manifest.
2328 silly tarball no local data for parse-ms@https://registry.npmjs.org/parse-ms/-/parse-ms-2.1.0.tgz. Extracting by manifest.
2329 silly tarball no local data for mimic-fn@https://registry.npmjs.org/mimic-fn/-/mimic-fn-2.1.0.tgz. Extracting by manifest.
2330 silly tarball no local data for @oxc-transform/binding-darwin-arm64@https://registry.npmjs.org/@oxc-transform/binding-darwin-arm64/-/binding-darwin-arm64-0.111.0.tgz. Extracting by manifest.
2331 silly tarball no local data for abbrev@https://registry.npmjs.org/abbrev/-/abbrev-3.0.1.tgz. Extracting by manifest.
2332 silly tarball no local data for whatwg-url@https://registry.npmjs.org/whatwg-url/-/whatwg-url-5.0.0.tgz. Extracting by manifest.
2333 silly tarball no local data for content-type@https://registry.npmjs.org/content-type/-/content-type-1.0.4.tgz. Extracting by manifest.
2334 silly tarball no local data for raw-body@https://registry.npmjs.org/raw-body/-/raw-body-2.4.1.tgz. Extracting by manifest.
2335 silly tarball no local data for arg@https://registry.npmjs.org/arg/-/arg-4.1.0.tgz. Extracting by manifest.
2336 silly tarball no local data for argparse@https://registry.npmjs.org/argparse/-/argparse-2.0.1.tgz. Extracting by manifest.
2337 silly tarball no local data for ts-toolbelt@https://registry.npmjs.org/ts-toolbelt/-/ts-toolbelt-6.15.5.tgz. Extracting by manifest.
2338 silly tarball no local data for mime-db@https://registry.npmjs.org/mime-db/-/mime-db-1.52.0.tgz. Extracting by manifest.
2339 silly tarball no local data for agent-base@https://registry.npmjs.org/agent-base/-/agent-base-7.1.4.tgz. Extracting by manifest.
2340 silly tarball no local data for minipass@https://registry.npmjs.org/minipass/-/minipass-7.1.3.tgz. Extracting by manifest.
2341 silly tarball no local data for dunder-proto@https://registry.npmjs.org/dunder-proto/-/dunder-proto-1.0.1.tgz. Extracting by manifest.
2342 silly tarball no local data for pump@https://registry.npmjs.org/pump/-/pump-3.0.4.tgz. Extracting by manifest.
2343 silly tarball no local data for path-scurry@https://registry.npmjs.org/path-scurry/-/path-scurry-2.0.2.tgz. Extracting by manifest.
2344 silly tarball no local data for math-intrinsics@https://registry.npmjs.org/math-intrinsics/-/math-intrinsics-1.1.0.tgz. Extracting by manifest.
2345 silly tarball no local data for gopd@https://registry.npmjs.org/gopd/-/gopd-1.2.0.tgz. Extracting by manifest.
2346 silly tarball no local data for has-symbols@https://registry.npmjs.org/has-symbols/-/has-symbols-1.1.0.tgz. Extracting by manifest.
2347 silly tarball no local data for get-proto@https://registry.npmjs.org/get-proto/-/get-proto-1.0.1.tgz. Extracting by manifest.
2348 silly tarball no local data for function-bind@https://registry.npmjs.org/function-bind/-/function-bind-1.1.2.tgz. Extracting by manifest.
2349 silly tarball no local data for es-define-property@https://registry.npmjs.org/es-define-property/-/es-define-property-1.0.1.tgz. Extracting by manifest.
2350 silly tarball no local data for es-object-atoms@https://registry.npmjs.org/es-object-atoms/-/es-object-atoms-1.1.2.tgz. Extracting by manifest.
2351 silly tarball no local data for once@https://registry.npmjs.org/once/-/once-1.4.0.tgz. Extracting by manifest.
2352 silly tarball no local data for universalify@https://registry.npmjs.org/universalify/-/universalify-2.0.1.tgz. Extracting by manifest.
2353 silly tarball no local data for jsonfile@https://registry.npmjs.org/jsonfile/-/jsonfile-6.2.1.tgz. Extracting by manifest.
2354 silly tarball no local data for has-tostringtag@https://registry.npmjs.org/has-tostringtag/-/has-tostringtag-1.0.2.tgz. Extracting by manifest.
2355 silly tarball no local data for delayed-stream@https://registry.npmjs.org/delayed-stream/-/delayed-stream-1.0.0.tgz. Extracting by manifest.
2356 silly tarball no local data for get-intrinsic@https://registry.npmjs.org/get-intrinsic/-/get-intrinsic-1.3.0.tgz. Extracting by manifest.
2357 silly tarball no local data for es-errors@https://registry.npmjs.org/es-errors/-/es-errors-1.3.0.tgz. Extracting by manifest.
2358 silly tarball no local data for hasown@https://registry.npmjs.org/hasown/-/hasown-2.0.4.tgz. Extracting by manifest.
2359 silly tarball no local data for combined-stream@https://registry.npmjs.org/combined-stream/-/combined-stream-1.0.8.tgz. Extracting by manifest.
2360 silly tarball no local data for asynckit@https://registry.npmjs.org/asynckit/-/asynckit-0.4.0.tgz. Extracting by manifest.
2361 silly tarball no local data for es-set-tostringtag@https://registry.npmjs.org/es-set-tostringtag/-/es-set-tostringtag-2.1.0.tgz. Extracting by manifest.
2362 silly tarball no local data for p-finally@https://registry.npmjs.org/p-finally/-/p-finally-2.0.1.tgz. Extracting by manifest.
2363 silly tarball no local data for onetime@https://registry.npmjs.org/onetime/-/onetime-5.1.2.tgz. Extracting by manifest.
2364 silly tarball no local data for call-bind-apply-helpers@https://registry.npmjs.org/call-bind-apply-helpers/-/call-bind-apply-helpers-1.0.2.tgz. Extracting by manifest.
2365 silly tarball no local data for npm-run-path@https://registry.npmjs.org/npm-run-path/-/npm-run-path-4.0.1.tgz. Extracting by manifest.
2366 silly tarball no local data for merge-stream@https://registry.npmjs.org/merge-stream/-/merge-stream-2.0.0.tgz. Extracting by manifest.
2367 silly tarball no local data for strip-final-newline@https://registry.npmjs.org/strip-final-newline/-/strip-final-newline-2.0.0.tgz. Extracting by manifest.
2368 silly tarball no local data for human-signals@https://registry.npmjs.org/human-signals/-/human-signals-1.1.1.tgz. Extracting by manifest.
2369 silly tarball no local data for get-stream@https://registry.npmjs.org/get-stream/-/get-stream-5.2.0.tgz. Extracting by manifest.
2370 silly tarball no local data for time-span@https://registry.npmjs.org/time-span/-/time-span-4.0.0.tgz. Extracting by manifest.
2371 silly tarball no local data for signal-exit@https://registry.npmjs.org/signal-exit/-/signal-exit-4.0.2.tgz. Extracting by manifest.
2372 silly tarball no local data for pretty-ms@https://registry.npmjs.org/pretty-ms/-/pretty-ms-7.0.1.tgz. Extracting by manifest.
2373 silly tarball no local data for mri@https://registry.npmjs.org/mri/-/mri-1.2.0.tgz. Extracting by manifest.
2374 silly tarball no local data for is-stream@https://registry.npmjs.org/is-stream/-/is-stream-2.0.1.tgz. Extracting by manifest.
2375 silly tarball no local data for @edge-runtime/ponyfill@https://registry.npmjs.org/@edge-runtime/ponyfill/-/ponyfill-2.4.2.tgz. Extracting by manifest.
2376 silly tarball no local data for @edge-runtime/format@https://registry.npmjs.org/@edge-runtime/format/-/format-2.2.1.tgz. Extracting by manifest.
2377 silly tarball no local data for readdirp@https://registry.npmjs.org/readdirp/-/readdirp-4.1.2.tgz. Extracting by manifest.
2378 silly tarball no local data for file-uri-to-path@https://registry.npmjs.org/file-uri-to-path/-/file-uri-to-path-1.0.0.tgz. Extracting by manifest.
2379 silly tarball no local data for retry@https://registry.npmjs.org/retry/-/retry-0.13.1.tgz. Extracting by manifest.
2380 silly tarball no local data for @esbuild/darwin-arm64@https://registry.npmjs.org/@esbuild/darwin-arm64/-/darwin-arm64-0.27.0.tgz. Extracting by manifest.
2381 silly tarball no local data for @vercel/gatsby-plugin-vercel-builder@https://registry.npmjs.org/@vercel/gatsby-plugin-vercel-builder/-/gatsby-plugin-vercel-builder-2.2.10.tgz. Extracting by manifest.
2382 silly tarball no local data for @vercel/gatsby-plugin-vercel-analytics@https://registry.npmjs.org/@vercel/gatsby-plugin-vercel-analytics/-/gatsby-plugin-vercel-analytics-1.0.11.tgz. Extracting by manifest.
2383 silly tarball no local data for json-schema-to-ts@https://registry.npmjs.org/json-schema-to-ts/-/json-schema-to-ts-1.6.4.tgz. Extracting by manifest.
2384 silly tarball no local data for js-yaml@https://registry.npmjs.org/js-yaml/-/js-yaml-4.1.1.tgz. Extracting by manifest.
2385 silly tarball no local data for typescript@https://registry.npmjs.org/typescript/-/typescript-5.9.3.tgz. Extracting by manifest.
2386 silly tarball no local data for @renovatebot/pep440@https://registry.npmjs.org/@renovatebot/pep440/-/pep440-4.2.1.tgz. Extracting by manifest.
2387 silly tarball no local data for @bytecodealliance/preview2-shim@https://registry.npmjs.org/@bytecodealliance/preview2-shim/-/preview2-shim-0.17.6.tgz. Extracting by manifest.
2388 silly tarball no local data for @sinclair/typebox@https://registry.npmjs.org/@sinclair/typebox/-/typebox-0.25.24.tgz. Extracting by manifest.
2389 silly tarball no local data for web-vitals@https://registry.npmjs.org/web-vitals/-/web-vitals-0.2.4.tgz. Extracting by manifest.
2390 silly tarball no local data for mime-types@https://registry.npmjs.org/mime-types/-/mime-types-2.1.35.tgz. Extracting by manifest.
2391 silly tarball no local data for etag@https://registry.npmjs.org/etag/-/etag-1.8.1.tgz. Extracting by manifest.
2392 silly tarball no local data for @edge-runtime/vm@https://registry.npmjs.org/@edge-runtime/vm/-/vm-3.2.0.tgz. Extracting by manifest.
2393 silly tarball no local data for @edge-runtime/primitives@https://registry.npmjs.org/@edge-runtime/primitives/-/primitives-4.1.0.tgz. Extracting by manifest.
2394 silly tarball no local data for @vercel/error-utils@https://registry.npmjs.org/@vercel/error-utils/-/error-utils-2.1.0.tgz. Extracting by manifest.
2395 silly tarball no local data for @edge-runtime/node-utils@https://registry.npmjs.org/@edge-runtime/node-utils/-/node-utils-2.3.0.tgz. Extracting by manifest.
2396 silly tarball no local data for edge-runtime@https://registry.npmjs.org/edge-runtime/-/edge-runtime-2.5.9.tgz. Extracting by manifest.
2397 silly tarball no local data for path-to-regexp-updated@https://registry.npmjs.org/path-to-regexp/-/path-to-regexp-6.3.0.tgz. Extracting by manifest.
2398 silly tarball no local data for nopt@https://registry.npmjs.org/nopt/-/nopt-8.1.0.tgz. Extracting by manifest.
2399 silly tarball no local data for resolve-from@https://registry.npmjs.org/resolve-from/-/resolve-from-5.0.0.tgz. Extracting by manifest.
2400 silly tarball no local data for https-proxy-agent@https://registry.npmjs.org/https-proxy-agent/-/https-proxy-agent-7.0.6.tgz. Extracting by manifest.
2401 silly tarball no local data for node-gyp-build@https://registry.npmjs.org/node-gyp-build/-/node-gyp-build-4.8.4.tgz. Extracting by manifest.
2402 silly tarball no local data for consola@https://registry.npmjs.org/consola/-/consola-3.4.2.tgz. Extracting by manifest.
2403 silly tarball no local data for glob@https://registry.npmjs.org/glob/-/glob-13.0.6.tgz. Extracting by manifest.
2404 silly tarball no local data for bindings@https://registry.npmjs.org/bindings/-/bindings-1.5.0.tgz. Extracting by manifest.
2405 silly tarball no local data for estree-walker@https://registry.npmjs.org/estree-walker/-/estree-walker-2.0.2.tgz. Extracting by manifest.
2406 silly tarball no local data for acorn-import-attributes@https://registry.npmjs.org/acorn-import-attributes/-/acorn-import-attributes-1.9.5.tgz. Extracting by manifest.
2407 silly tarball no local data for graceful-fs@https://registry.npmjs.org/graceful-fs/-/graceful-fs-4.2.11.tgz. Extracting by manifest.
2408 silly tarball no local data for @rollup/pluginutils@https://registry.npmjs.org/@rollup/pluginutils/-/pluginutils-5.3.0.tgz. Extracting by manifest.
2409 silly tarball no local data for async-sema@https://registry.npmjs.org/async-sema/-/async-sema-3.1.1.tgz. Extracting by manifest.
2410 silly tarball no local data for yauzl-promise@https://registry.npmjs.org/yauzl-promise/-/yauzl-promise-2.1.3.tgz. Extracting by manifest.
2411 silly tarball no local data for tinyexec@https://registry.npmjs.org/tinyexec/-/tinyexec-0.3.2.tgz. Extracting by manifest.
2412 silly tarball no local data for uid-promise@https://registry.npmjs.org/uid-promise/-/uid-promise-1.0.0.tgz. Extracting by manifest.
2413 silly tarball no local data for tar@https://registry.npmjs.org/tar/-/tar-7.5.7.tgz. Extracting by manifest.
2414 silly tarball no local data for stream-to-promise@https://registry.npmjs.org/stream-to-promise/-/stream-to-promise-2.2.0.tgz. Extracting by manifest.
2415 silly tarball no local data for promisepipe@https://registry.npmjs.org/promisepipe/-/promisepipe-3.0.0.tgz. Extracting by manifest.
2416 silly tarball no local data for stat-mode@https://registry.npmjs.org/stat-mode/-/stat-mode-0.3.0.tgz. Extracting by manifest.
2417 silly tarball no local data for @mapbox/node-pre-gyp@https://registry.npmjs.org/@mapbox/node-pre-gyp/-/node-pre-gyp-2.0.3.tgz. Extracting by manifest.
2418 silly tarball no local data for tree-kill@https://registry.npmjs.org/tree-kill/-/tree-kill-1.2.2.tgz. Extracting by manifest.
2419 silly tarball no local data for micro@https://registry.npmjs.org/micro/-/micro-9.3.5-canary.3.tgz. Extracting by manifest.
2420 silly tarball no local data for node-fetch@https://registry.npmjs.org/node-fetch/-/node-fetch-2.6.7.tgz. Extracting by manifest.
2421 silly tarball no local data for @tootallnate/once@https://registry.npmjs.org/@tootallnate/once/-/once-2.0.0.tgz. Extracting by manifest.
2422 silly tarball no local data for @vercel/cervel@https://registry.npmjs.org/@vercel/cervel/-/cervel-0.1.10.tgz. Extracting by manifest.
2423 silly tarball no local data for ts-morph@https://registry.npmjs.org/ts-morph/-/ts-morph-12.0.0.tgz. Extracting by manifest.
2424 silly tarball no local data for @vercel/static-config@https://registry.npmjs.org/@vercel/static-config/-/static-config-3.4.0.tgz. Extracting by manifest.
2425 silly tarball no local data for xdg-app-paths@https://registry.npmjs.org/xdg-app-paths/-/xdg-app-paths-5.5.1.tgz. Extracting by manifest.
2426 silly tarball no local data for async-listen@https://registry.npmjs.org/async-listen/-/async-listen-1.2.0.tgz. Extracting by manifest.
2427 silly tarball no local data for generic-pool@https://registry.npmjs.org/generic-pool/-/generic-pool-3.4.2.tgz. Extracting by manifest.
2428 silly tarball no local data for cjs-module-lexer@https://registry.npmjs.org/cjs-module-lexer/-/cjs-module-lexer-1.2.3.tgz. Extracting by manifest.
2429 silly tarball no local data for es-module-lexer@https://registry.npmjs.org/es-module-lexer/-/es-module-lexer-1.5.0.tgz. Extracting by manifest.
2430 silly tarball no local data for is-node-process@https://registry.npmjs.org/is-node-process/-/is-node-process-1.2.0.tgz. Extracting by manifest.
2431 silly tarball no local data for undici@https://registry.npmjs.org/undici/-/undici-6.26.0.tgz. Extracting by manifest.
2432 silly tarball no local data for @vercel/python-analysis@https://registry.npmjs.org/@vercel/python-analysis/-/python-analysis-0.11.1.tgz. Extracting by manifest.
2433 silly tarball no local data for is-buffer@https://registry.npmjs.org/is-buffer/-/is-buffer-2.0.5.tgz. Extracting by manifest.
2434 silly tarball no local data for throttleit@https://registry.npmjs.org/throttleit/-/throttleit-2.1.0.tgz. Extracting by manifest.
2435 silly tarball no local data for tsx@https://registry.npmjs.org/tsx/-/tsx-4.21.0.tgz. Extracting by manifest.
2436 silly tarball no local data for resolve.exports@https://registry.npmjs.org/resolve.exports/-/resolve.exports-2.0.3.tgz. Extracting by manifest.
2437 silly tarball no local data for async-retry@https://registry.npmjs.org/async-retry/-/async-retry-1.3.3.tgz. Extracting by manifest.
2438 silly tarball no local data for oxc-transform@https://registry.npmjs.org/oxc-transform/-/oxc-transform-0.111.0.tgz. Extracting by manifest.
2439 silly tarball no local data for srvx@https://registry.npmjs.org/srvx/-/srvx-0.8.9.tgz. Extracting by manifest.
2440 silly tarball no local data for fs-extra@https://registry.npmjs.org/fs-extra/-/fs-extra-11.1.0.tgz. Extracting by manifest.
2441 silly tarball no local data for path-to-regexp@https://registry.npmjs.org/path-to-regexp/-/path-to-regexp-8.3.0.tgz. Extracting by manifest.
2442 silly tarball no local data for smol-toml@https://registry.npmjs.org/smol-toml/-/smol-toml-1.5.2.tgz. Extracting by manifest.
2443 silly tarball no local data for execa@https://registry.npmjs.org/execa/-/execa-3.2.0.tgz. Extracting by manifest.
2444 silly tarball no local data for sandbox@https://registry.npmjs.org/sandbox/-/sandbox-2.5.6.tgz. Extracting by manifest.
2445 silly tarball no local data for @vercel/nft@https://registry.npmjs.org/@vercel/nft/-/nft-1.5.0.tgz. Extracting by manifest.
2446 silly tarball no local data for proxy-agent@https://registry.npmjs.org/proxy-agent/-/proxy-agent-6.4.0.tgz. Extracting by manifest.
2447 silly tarball no local data for jose@https://registry.npmjs.org/jose/-/jose-5.9.6.tgz. Extracting by manifest.
2448 silly tarball no local data for luxon@https://registry.npmjs.org/luxon/-/luxon-3.7.2.tgz. Extracting by manifest.
2449 silly tarball no local data for esbuild@https://registry.npmjs.org/esbuild/-/esbuild-0.27.0.tgz. Extracting by manifest.
2450 silly tarball no local data for chokidar@https://registry.npmjs.org/chokidar/-/chokidar-4.0.0.tgz. Extracting by manifest.
2451 silly tarball no local data for @vercel/static-build@https://registry.npmjs.org/@vercel/static-build/-/static-build-2.9.33.tgz. Extracting by manifest.
2452 silly tarball no local data for get-port@https://registry.npmjs.org/get-port/-/get-port-5.1.1.tgz. Extracting by manifest.
2453 silly tarball no local data for @vercel/rust@https://registry.npmjs.org/@vercel/rust/-/rust-1.3.0.tgz. Extracting by manifest.
2454 silly tarball no local data for form-data@https://registry.npmjs.org/form-data/-/form-data-4.0.5.tgz. Extracting by manifest.
2455 silly tarball no local data for @vercel/ruby@https://registry.npmjs.org/@vercel/ruby/-/ruby-2.4.0.tgz. Extracting by manifest.
2456 silly tarball no local data for @vercel/python@https://registry.npmjs.org/@vercel/python/-/python-6.43.3.tgz. Extracting by manifest.
2457 silly tarball no local data for @vercel/node@https://registry.npmjs.org/@vercel/node/-/node-5.8.7.tgz. Extracting by manifest.
2458 silly tarball no local data for @vercel/remix-builder@https://registry.npmjs.org/@vercel/remix-builder/-/remix-builder-5.8.3.tgz. Extracting by manifest.
2459 silly tarball no local data for @vercel/next@https://registry.npmjs.org/@vercel/next/-/next-4.17.4.tgz. Extracting by manifest.
2460 silly tarball no local data for @vercel/prepare-flags-definitions@https://registry.npmjs.org/@vercel/prepare-flags-definitions/-/prepare-flags-definitions-0.2.1.tgz. Extracting by manifest.
2461 silly tarball no local data for @vercel/nestjs@https://registry.npmjs.org/@vercel/nestjs/-/nestjs-0.2.87.tgz. Extracting by manifest.
2462 silly tarball no local data for @vercel/koa@https://registry.npmjs.org/@vercel/koa/-/koa-0.1.66.tgz. Extracting by manifest.
2463 silly tarball no local data for @vercel/redwood@https://registry.npmjs.org/@vercel/redwood/-/redwood-2.4.14.tgz. Extracting by manifest.
2464 silly tarball no local data for @vercel/hono@https://registry.npmjs.org/@vercel/hono/-/hono-0.2.86.tgz. Extracting by manifest.
2465 silly tarball no local data for @vercel/go@https://registry.npmjs.org/@vercel/go/-/go-3.8.0.tgz. Extracting by manifest.
2466 silly tarball no local data for @vercel/fastify@https://registry.npmjs.org/@vercel/fastify/-/fastify-0.1.86.tgz. Extracting by manifest.
2467 silly tarball no local data for @vercel/hydrogen@https://registry.npmjs.org/@vercel/hydrogen/-/hydrogen-1.3.8.tgz. Extracting by manifest.
2468 silly tarball no local data for @vercel/h3@https://registry.npmjs.org/@vercel/h3/-/h3-0.1.92.tgz. Extracting by manifest.
2469 silly tarball no local data for @vercel/elysia@https://registry.npmjs.org/@vercel/elysia/-/elysia-0.1.83.tgz. Extracting by manifest.
2470 silly tarball no local data for @vercel/fun@https://registry.npmjs.org/@vercel/fun/-/fun-1.3.0.tgz. Extracting by manifest.
2471 silly tarball no local data for @vercel/express@https://registry.npmjs.org/@vercel/express/-/express-0.1.93.tgz. Extracting by manifest.
2472 silly tarball no local data for @vercel/detect-agent@https://registry.npmjs.org/@vercel/detect-agent/-/detect-agent-1.2.3.tgz. Extracting by manifest.
2473 silly tarball no local data for @vercel/build-utils@https://registry.npmjs.org/@vercel/build-utils/-/build-utils-13.26.4.tgz. Extracting by manifest.
2474 silly tarball no local data for @vercel/backends@https://registry.npmjs.org/@vercel/backends/-/backends-0.8.2.tgz. Extracting by manifest.
2475 silly tarball no local data for @vercel/blob@https://registry.npmjs.org/@vercel/blob/-/blob-2.4.0.tgz. Extracting by manifest.
2476 silly tarball no local data for @vercel/cli-config@https://registry.npmjs.org/@vercel/cli-config/-/cli-config-0.1.2.tgz. Extracting by manifest.
2477 silly tarball no local data for vercel@https://registry.npmjs.org/vercel/-/vercel-54.6.0.tgz. Extracting by manifest.
2478 silly tarball no local data for tslib@https://registry.npmjs.org/tslib/-/tslib-2.8.1.tgz. Extracting by manifest.
2479 silly tarball no local data for @napi-rs/wasm-runtime@https://registry.npmjs.org/@napi-rs/wasm-runtime/-/wasm-runtime-1.1.4.tgz. Extracting by manifest.
2480 silly tarball no local data for @emnapi/wasi-threads@https://registry.npmjs.org/@emnapi/wasi-threads/-/wasi-threads-1.2.1.tgz. Extracting by manifest.
2481 silly tarball no local data for @emnapi/runtime@https://registry.npmjs.org/@emnapi/runtime/-/runtime-1.10.0.tgz. Extracting by manifest.
2482 silly tarball no local data for @tybys/wasm-util@https://registry.npmjs.org/@tybys/wasm-util/-/wasm-util-0.10.2.tgz. Extracting by manifest.
2483 silly tarball no local data for picomatch@https://registry.npmjs.org/picomatch/-/picomatch-2.3.2.tgz. Extracting by manifest.
2484 silly tarball no local data for @emnapi/core@https://registry.npmjs.org/@emnapi/core/-/core-1.10.0.tgz. Extracting by manifest.
2485 silly tarball no local data for brace-expansion@https://registry.npmjs.org/brace-expansion/-/brace-expansion-1.1.15.tgz. Extracting by manifest.
2486 silly tarball no local data for balanced-match@https://registry.npmjs.org/balanced-match/-/balanced-match-1.0.2.tgz. Extracting by manifest.
2487 silly tarball no local data for undici@https://registry.npmjs.org/undici/-/undici-7.26.0.tgz. Extracting by manifest.
2488 silly tarball no local data for minimatch@https://registry.npmjs.org/minimatch/-/minimatch-3.1.5.tgz. Extracting by manifest.
2489 silly tarball no local data for glob-parent@https://registry.npmjs.org/glob-parent/-/glob-parent-5.1.2.tgz. Extracting by manifest.
2490 silly tarball no local data for lru-cache@https://registry.npmjs.org/lru-cache/-/lru-cache-11.5.1.tgz. Extracting by manifest.
2491 silly tarball no local data for zod@https://registry.npmjs.org/zod/-/zod-3.24.4.tgz. Extracting by manifest.
2492 silly tarball no local data for xdg-app-paths@https://registry.npmjs.org/xdg-app-paths/-/xdg-app-paths-5.1.0.tgz. Extracting by manifest.
2493 silly tarball no local data for picocolors@https://registry.npmjs.org/picocolors/-/picocolors-1.0.0.tgz. Extracting by manifest.
2494 silly tarball no local data for async-listen@https://registry.npmjs.org/async-listen/-/async-listen-3.0.1.tgz. Extracting by manifest.
2495 silly tarball no local data for yallist@https://registry.npmjs.org/yallist/-/yallist-5.0.0.tgz. Extracting by manifest.
2496 silly tarball no local data for semver@https://registry.npmjs.org/semver/-/semver-7.8.1.tgz. Extracting by manifest.
2497 silly tarball no local data for end-of-stream@https://registry.npmjs.org/end-of-stream/-/end-of-stream-1.1.0.tgz. Extracting by manifest.
2498 silly tarball no local data for ajv@https://registry.npmjs.org/ajv/-/ajv-8.6.3.tgz. Extracting by manifest.
2499 silly tarball no local data for minimatch@https://registry.npmjs.org/minimatch/-/minimatch-10.1.1.tgz. Extracting by manifest.
2500 silly tarball no local data for json-schema-traverse@https://registry.npmjs.org/json-schema-traverse/-/json-schema-traverse-1.0.0.tgz. Extracting by manifest.
2501 silly tarball no local data for zod@https://registry.npmjs.org/zod/-/zod-3.22.4.tgz. Extracting by manifest.
2502 silly tarball no local data for once@https://registry.npmjs.org/once/-/once-1.3.3.tgz. Extracting by manifest.
2503 silly tarball no local data for signal-exit@https://registry.npmjs.org/signal-exit/-/signal-exit-3.0.7.tgz. Extracting by manifest.
2504 silly tarball no local data for fs-extra@https://registry.npmjs.org/fs-extra/-/fs-extra-11.1.1.tgz. Extracting by manifest.
2505 silly tarball no local data for signal-exit@https://registry.npmjs.org/signal-exit/-/signal-exit-3.0.7.tgz. Extracting by manifest.
2506 silly tarball no local data for human-signals@https://registry.npmjs.org/human-signals/-/human-signals-2.1.0.tgz. Extracting by manifest.
2507 silly tarball no local data for path-to-regexp@https://registry.npmjs.org/path-to-regexp/-/path-to-regexp-6.1.0.tgz. Extracting by manifest.
2508 silly tarball no local data for get-stream@https://registry.npmjs.org/get-stream/-/get-stream-6.0.1.tgz. Extracting by manifest.
2509 silly tarball no local data for @types/node@https://registry.npmjs.org/@types/node/-/node-20.11.0.tgz. Extracting by manifest.
2510 silly tarball no local data for execa@https://registry.npmjs.org/execa/-/execa-5.1.1.tgz. Extracting by manifest.
2511 silly tarball no local data for undici-types@https://registry.npmjs.org/undici-types/-/undici-types-5.26.5.tgz. Extracting by manifest.
2512 silly tarball no local data for node-fetch@https://registry.npmjs.org/node-fetch/-/node-fetch-2.6.9.tgz. Extracting by manifest.
2513 silly tarball no local data for lru-cache@https://registry.npmjs.org/lru-cache/-/lru-cache-7.18.3.tgz. Extracting by manifest.
2514 silly tarball no local data for path-to-regexp@https://registry.npmjs.org/path-to-regexp/-/path-to-regexp-6.1.0.tgz. Extracting by manifest.
2515 silly tarball no local data for undici@https://registry.npmjs.org/undici/-/undici-5.28.4.tgz. Extracting by manifest.
2516 silly tarball no local data for zod@https://registry.npmjs.org/zod/-/zod-3.22.4.tgz. Extracting by manifest.
2517 silly tarball no local data for es-module-lexer@https://registry.npmjs.org/es-module-lexer/-/es-module-lexer-1.4.1.tgz. Extracting by manifest.
2518 silly tarball no local data for lru-cache@https://registry.npmjs.org/lru-cache/-/lru-cache-6.0.0.tgz. Extracting by manifest.
2519 silly tarball no local data for xdg-app-paths@https://registry.npmjs.org/xdg-app-paths/-/xdg-app-paths-5.1.0.tgz. Extracting by manifest.
2520 silly tarball no local data for semver@https://registry.npmjs.org/semver/-/semver-7.5.4.tgz. Extracting by manifest.
2521 silly tarball no local data for ms@https://registry.npmjs.org/ms/-/ms-2.1.1.tgz. Extracting by manifest.
2522 silly tarball no local data for yallist@https://registry.npmjs.org/yallist/-/yallist-4.0.0.tgz. Extracting by manifest.
2523 silly tarball no local data for ms@https://registry.npmjs.org/ms/-/ms-2.1.2.tgz. Extracting by manifest.
2524 silly tarball no local data for async-listen@https://registry.npmjs.org/async-listen/-/async-listen-3.0.0.tgz. Extracting by manifest.
2525 silly tarball no local data for debug@https://registry.npmjs.org/debug/-/debug-4.3.4.tgz. Extracting by manifest.
2526 silly tarball no local data for zod@https://registry.npmjs.org/zod/-/zod-3.22.4.tgz. Extracting by manifest.
2527 silly tarball no local data for @oxc-project/types@https://registry.npmjs.org/@oxc-project/types/-/types-0.110.0.tgz. Extracting by manifest.
2528 silly tarball no local data for zod@https://registry.npmjs.org/zod/-/zod-3.22.4.tgz. Extracting by manifest.
2529 silly tarball no local data for @rolldown/binding-darwin-arm64@https://registry.npmjs.org/@rolldown/binding-darwin-arm64/-/binding-darwin-arm64-1.0.0-rc.1.tgz. Extracting by manifest.
2530 silly tarball no local data for path-to-regexp@https://registry.npmjs.org/path-to-regexp/-/path-to-regexp-8.2.0.tgz. Extracting by manifest.
2531 silly tarball no local data for zod@https://registry.npmjs.org/zod/-/zod-4.1.11.tgz. Extracting by manifest.
2532 silly tarball no local data for @rolldown/pluginutils@https://registry.npmjs.org/@rolldown/pluginutils/-/pluginutils-1.0.0-rc.1.tgz. Extracting by manifest.
2533 silly tarball no local data for zod@https://registry.npmjs.org/zod/-/zod-4.1.11.tgz. Extracting by manifest.
2534 silly tarball no local data for rolldown@https://registry.npmjs.org/rolldown/-/rolldown-1.0.0-rc.1.tgz. Extracting by manifest.
2535 http fetch GET 200 https://registry.npmjs.org/buffer-crc32/-/buffer-crc32-0.2.13.tgz 52ms (cache miss)
2536 http fetch GET 200 https://registry.npmjs.org/fd-slicer/-/fd-slicer-1.1.0.tgz 52ms (cache miss)
2537 http fetch GET 200 https://registry.npmjs.org/require-from-string/-/require-from-string-2.0.2.tgz 52ms (cache miss)
2538 http fetch GET 200 https://registry.npmjs.org/concat-map/-/concat-map-0.0.1.tgz 54ms (cache miss)
2539 http fetch GET 200 https://registry.npmjs.org/pend/-/pend-1.2.0.tgz 55ms (cache miss)
2540 http fetch GET 200 https://registry.npmjs.org/events-intercept/-/events-intercept-2.0.0.tgz 62ms (cache miss)
2541 http fetch GET 200 https://registry.npmjs.org/resolve-pkg-maps/-/resolve-pkg-maps-1.0.0.tgz 79ms (cache miss)
2542 http fetch GET 200 https://registry.npmjs.org/undici-types/-/undici-types-7.24.6.tgz 81ms (cache miss)
2543 http fetch GET 200 https://registry.npmjs.org/yauzl/-/yauzl-2.10.0.tgz 92ms (cache miss)
2544 http fetch GET 200 https://registry.npmjs.org/is-number/-/is-number-7.0.0.tgz 92ms (cache miss)
2545 http fetch GET 200 https://registry.npmjs.org/queue-microtask/-/queue-microtask-1.2.3.tgz 94ms (cache miss)
2546 http fetch GET 200 https://registry.npmjs.org/braces/-/braces-3.0.3.tgz 108ms (cache miss)
2547 http fetch GET 200 https://registry.npmjs.org/get-tsconfig/-/get-tsconfig-4.14.0.tgz 115ms (cache miss)
2548 http fetch GET 200 https://registry.npmjs.org/os-paths/-/os-paths-4.4.0.tgz 119ms (cache miss)
2549 http fetch GET 200 https://registry.npmjs.org/xdg-portable/-/xdg-portable-7.3.0.tgz 123ms (cache miss)
2550 http fetch GET 200 https://registry.npmjs.org/to-regex-range/-/to-regex-range-5.0.1.tgz 129ms (cache miss)
2551 http fetch GET 200 https://registry.npmjs.org/webidl-conversions/-/webidl-conversions-3.0.1.tgz 133ms (cache miss)
2552 http fetch GET 200 https://registry.npmjs.org/fill-range/-/fill-range-7.1.1.tgz 132ms (cache miss)
2553 http fetch GET 200 https://registry.npmjs.org/tr46/-/tr46-0.0.3.tgz 134ms (cache miss)
2554 http fetch GET 200 https://registry.npmjs.org/reusify/-/reusify-1.1.0.tgz 133ms (cache miss)
2555 http fetch GET 200 https://registry.npmjs.org/yauzl-clone/-/yauzl-clone-1.0.4.tgz 135ms (cache miss)
2556 http fetch GET 200 https://registry.npmjs.org/fastq/-/fastq-1.20.1.tgz 138ms (cache miss)
2557 http fetch GET 200 https://registry.npmjs.org/@types/node/-/node-25.9.1.tgz 140ms (cache miss)
2558 http fetch GET 200 https://registry.npmjs.org/run-parallel/-/run-parallel-1.2.0.tgz 144ms (cache miss)
2559 http fetch GET 200 https://registry.npmjs.org/@fastify/busboy/-/busboy-2.1.1.tgz 145ms (cache miss)
2560 http fetch GET 200 https://registry.npmjs.org/micromatch/-/micromatch-4.0.8.tgz 147ms (cache miss)
2561 http fetch GET 200 https://registry.npmjs.org/mkdirp/-/mkdirp-1.0.4.tgz 158ms (cache miss)
2562 http fetch GET 200 https://registry.npmjs.org/merge2/-/merge2-1.4.1.tgz 159ms (cache miss)
2563 http fetch GET 200 https://registry.npmjs.org/code-block-writer/-/code-block-writer-10.1.1.tgz 161ms (cache miss)
2564 http fetch GET 200 https://registry.npmjs.org/text-decoder/-/text-decoder-1.2.7.tgz 166ms (cache miss)
2565 http fetch GET 200 https://registry.npmjs.org/@nodelib/fs.scandir/-/fs.scandir-2.1.5.tgz 169ms (cache miss)
2566 http fetch GET 200 https://registry.npmjs.org/convert-hrtime/-/convert-hrtime-3.0.0.tgz 168ms (cache miss)
2567 http fetch GET 200 https://registry.npmjs.org/fast-glob/-/fast-glob-3.3.3.tgz 170ms (cache miss)
2568 http fetch GET 200 https://registry.npmjs.org/events-universal/-/events-universal-1.0.1.tgz 177ms (cache miss)
2569 http fetch GET 200 https://registry.npmjs.org/bare-events/-/bare-events-2.8.3.tgz 177ms (cache miss)
2570 http fetch GET 200 https://registry.npmjs.org/@nodelib/fs.walk/-/fs.walk-1.2.8.tgz 179ms (cache miss)
2571 http fetch GET 200 https://registry.npmjs.org/stream-to-array/-/stream-to-array-2.3.0.tgz 188ms (cache miss)
2572 http fetch GET 200 https://registry.npmjs.org/@nodelib/fs.stat/-/fs.stat-2.0.5.tgz 188ms (cache miss)
2573 http fetch GET 200 https://registry.npmjs.org/streamx/-/streamx-2.26.0.tgz 189ms (cache miss)
2574 http fetch GET 200 https://registry.npmjs.org/b4a/-/b4a-1.8.1.tgz 197ms (cache miss)
2575 http fetch GET 200 https://registry.npmjs.org/chownr/-/chownr-3.0.0.tgz 197ms (cache miss)
2576 http fetch GET 200 https://registry.npmjs.org/minizlib/-/minizlib-3.1.0.tgz 199ms (cache miss)
2577 http fetch GET 200 https://registry.npmjs.org/fast-fifo/-/fast-fifo-1.3.2.tgz 207ms (cache miss)
2578 http fetch GET 200 https://registry.npmjs.org/any-promise/-/any-promise-1.3.0.tgz 207ms (cache miss)
2579 http fetch GET 200 https://registry.npmjs.org/smart-buffer/-/smart-buffer-4.2.0.tgz 209ms (cache miss)
2580 http fetch GET 200 https://registry.npmjs.org/cookie-es/-/cookie-es-2.0.1.tgz 210ms (cache miss)
2581 http fetch GET 200 https://registry.npmjs.org/jsonlines/-/jsonlines-0.1.1.tgz 214ms (cache miss)
2582 http fetch GET 200 https://registry.npmjs.org/@isaacs/fs-minipass/-/fs-minipass-4.0.1.tgz 218ms (cache miss)
2583 http fetch GET 200 https://registry.npmjs.org/toidentifier/-/toidentifier-1.0.0.tgz 224ms (cache miss)
2584 http fetch GET 200 https://registry.npmjs.org/tar-stream/-/tar-stream-3.1.7.tgz 225ms (cache miss)
2585 http fetch GET 200 https://registry.npmjs.org/ip-address/-/ip-address-10.2.0.tgz 225ms (cache miss)
2586 http fetch GET 200 https://registry.npmjs.org/safer-buffer/-/safer-buffer-2.1.2.tgz 226ms (cache miss)
2587 http fetch POST 200 https://registry.npmjs.org/-/npm/v1/security/advisories/bulk 256ms
2588 silly audit report {
2588 silly audit report   ajv: [
2588 silly audit report     {
2588 silly audit report       id: 1113715,
2588 silly audit report       url: 'https://github.com/advisories/GHSA-2g4f-4pwh-qvx6',
2588 silly audit report       title: 'ajv has ReDoS when using `$data` option',
2588 silly audit report       severity: 'moderate',
2588 silly audit report       vulnerable_versions: '>=7.0.0-alpha.0 <8.18.0',
2588 silly audit report       cwe: [Array],
2588 silly audit report       cvss: [Object]
2588 silly audit report     }
2588 silly audit report   ],
2588 silly audit report   minimatch: [
2588 silly audit report     {
2588 silly audit report       id: 1113466,
2588 silly audit report       url: 'https://github.com/advisories/GHSA-3ppc-4f35-3m26',
2588 silly audit report       title: 'minimatch has a ReDoS via repeated wildcards with non-matching literal in pattern',
2588 silly audit report       severity: 'high',
2588 silly audit report       vulnerable_versions: '>=10.0.0 <10.2.1',
2588 silly audit report       cwe: [Array],
2588 silly audit report       cvss: [Object]
2588 silly audit report     },
2588 silly audit report     {
2588 silly audit report       id: 1113545,
2588 silly audit report       url: 'https://github.com/advisories/GHSA-7r86-cg39-jmmj',
2588 silly audit report       title: 'minimatch has ReDoS: matchOne() combinatorial backtracking via multiple non-adjacent GLOBSTAR segments',
2588 silly audit report       severity: 'high',
2588 silly audit report       vulnerable_versions: '>=10.0.0 <10.2.3',
2588 silly audit report       cwe: [Array],
2588 silly audit report       cvss: [Object]
2588 silly audit report     },
2588 silly audit report     {
2588 silly audit report       id: 1113553,
2588 silly audit report       url: 'https://github.com/advisories/GHSA-23c5-xmqv-rm74',
2588 silly audit report       title: 'minimatch ReDoS: nested *() extglobs generate catastrophically backtracking regular expressions',
2588 silly audit report       severity: 'high',
2588 silly audit report       vulnerable_versions: '>=10.0.0 <10.2.3',
2588 silly audit report       cwe: [Array],
2588 silly audit report       cvss: [Object]
2588 silly audit report     }
2588 silly audit report   ],
2588 silly audit report   'smol-toml': [
2588 silly audit report     {
2588 silly audit report       id: 1115393,
2588 silly audit report       url: 'https://github.com/advisories/GHSA-v3rj-xjv7-4jmq',
2588 silly audit report       title: 'smol-toml: Denial of Service via TOML documents containing thousands of consecutive commented lines',
2588 silly audit report       severity: 'moderate',
2588 silly audit report       vulnerable_versions: '<1.6.1',
2588 silly audit report       cwe: [Array],
2588 silly audit report       cvss: [Object]
2588 silly audit report     }
2588 silly audit report   ],
2588 silly audit report   'path-to-regexp': [
2588 silly audit report     {
2588 silly audit report       id: 1101846,
2588 silly audit report       url: 'https://github.com/advisories/GHSA-9wv6-86v2-598j',
2588 silly audit report       title: 'path-to-regexp outputs backtracking regular expressions',
2588 silly audit report       severity: 'high',
2588 silly audit report       vulnerable_versions: '>=4.0.0 <6.3.0',
2588 silly audit report       cwe: [Array],
2588 silly audit report       cvss: [Object]
2588 silly audit report     },
2588 silly audit report     {
2588 silly audit report       id: 1115573,
2588 silly audit report       url: 'https://github.com/advisories/GHSA-j3q9-mxjg-w52f',
2588 silly audit report       title: 'path-to-regexp vulnerable to Denial of Service via sequential optional groups',
2588 silly audit report       severity: 'high',
2588 silly audit report       vulnerable_versions: '>=8.0.0 <8.4.0',
2588 silly audit report       cwe: [Array],
2588 silly audit report       cvss: [Object]
2588 silly audit report     },
2588 silly audit report     {
2588 silly audit report       id: 1115582,
2588 silly audit report       url: 'https://github.com/advisories/GHSA-27v5-c462-wpq7',
2588 silly audit report       title: 'path-to-regexp vulnerable to Regular Expression Denial of Service via multiple wildcards',
2588 silly audit report       severity: 'moderate',
2588 silly audit report       vulnerable_versions: '>=8.0.0 <8.4.0',
2588 silly audit report       cwe: [Array],
2588 silly audit report       cvss: [Object]
2588 silly audit report     }
2588 silly audit report   ],
2588 silly audit report   srvx: [
2588 silly audit report     {
2588 silly audit report       id: 1115537,
2588 silly audit report       url: 'https://github.com/advisories/GHSA-p36q-q72m-gchr',
2588 silly audit report       title: 'srvx is vulnerable to middleware bypass via absolute URI in request line ',
2588 silly audit report       severity: 'moderate',
2588 silly audit report       vulnerable_versions: '<0.11.13',
2588 silly audit report       cwe: [Array],
2588 silly audit report       cvss: [Object]
2588 silly audit report     }
2588 silly audit report   ],
2588 silly audit report   undici: [
2588 silly audit report     {
2588 silly audit report       id: 1101610,
2588 silly audit report       url: 'https://github.com/advisories/GHSA-c76h-2ccp-4975',
2588 silly audit report       title: 'Use of Insufficiently Random Values in undici',
2588 silly audit report       severity: 'moderate',
2588 silly audit report       vulnerable_versions: '>=4.5.0 <5.28.5',
2588 silly audit report       cwe: [Array],
2588 silly audit report       cvss: [Object]
2588 silly audit report     },
2588 silly audit report     {
2588 silly audit report       id: 1112496,
2588 silly audit report       url: 'https://github.com/advisories/GHSA-g9mf-h72j-4rw9',
2588 silly audit report       title: 'Undici has an unbounded decompression chain in HTTP responses on Node.js Fetch API via Content-Encoding leads to resource exhaustion',
2588 silly audit report       severity: 'moderate',
2588 silly audit report       vulnerable_versions: '<6.23.0',
2588 silly audit report       cwe: [Array],
2588 silly audit report       cvss: [Object]
2588 silly audit report     },
2588 silly audit report     {
2588 silly audit report       id: 1113069,
2588 silly audit report       url: 'https://github.com/advisories/GHSA-cxrh-j4jr-qwg3',
2588 silly audit report       title: 'undici Denial of Service attack via bad certificate data',
2588 silly audit report       severity: 'low',
2588 silly audit report       vulnerable_versions: '<5.29.0',
2588 silly audit report       cwe: [Array],
2588 silly audit report       cvss: [Object]
2588 silly audit report     },
2588 silly audit report     {
2588 silly audit report       id: 1114594,
2588 silly audit report       url: 'https://github.com/advisories/GHSA-2mjp-6q6p-2qxm',
2588 silly audit report       title: 'Undici has an HTTP Request/Response Smuggling issue',
2588 silly audit report       severity: 'moderate',
2588 silly audit report       vulnerable_versions: '<6.24.0',
2588 silly audit report       cwe: [Array],
2588 silly audit report       cvss: [Object]
2588 silly audit report     },
2588 silly audit report     {
2588 silly audit report       id: 1114638,
2588 silly audit report       url: 'https://github.com/advisories/GHSA-vrm6-8vpv-qv8q',
2588 silly audit report       title: 'Undici has Unbounded Memory Consumption in WebSocket permessage-deflate Decompression',
2588 silly audit report       severity: 'high',
2588 silly audit report       vulnerable_versions: '<6.24.0',
2588 silly audit report       cwe: [Array],
2588 silly audit report       cvss: [Object]
2588 silly audit report     },
2588 silly audit report     {
2588 silly audit report       id: 1114640,
2588 silly audit report       url: 'https://github.com/advisories/GHSA-v9p9-hfj2-hcw8',
2588 silly audit report       title: 'Undici has Unhandled Exception in WebSocket Client Due to Invalid server_max_window_bits Validation',
2588 silly audit report       severity: 'high',
2588 silly audit report       vulnerable_versions: '<6.24.0',
2588 silly audit report       cwe: [Array],
2588 silly audit report       cvss: [Object]
2588 silly audit report     },
2588 silly audit report     {
2588 silly audit report       id: 1114642,
2588 silly audit report       url: 'https://github.com/advisories/GHSA-4992-7rv2-5pvq',
2588 silly audit report       title: 'Undici has CRLF Injection in undici via `upgrade` option',
2588 silly audit report       severity: 'moderate',
2588 silly audit report       vulnerable_versions: '<6.24.0',
2588 silly audit report       cwe: [Array],
2588 silly audit report       cvss: [Object]
2588 silly audit report     }
2588 silly audit report   ],
2588 silly audit report   '@tootallnate/once': [
2588 silly audit report     {
2588 silly audit report       id: 1119438,
2588 silly audit report       url: 'https://github.com/advisories/GHSA-vpq2-c234-7xj6',
2588 silly audit report       title: '@tootallnate/once vulnerable to Incorrect Control Flow Scoping',
2588 silly audit report       severity: 'low',
2588 silly audit report       vulnerable_versions: '<2.0.1',
2588 silly audit report       cwe: [Array],
2588 silly audit report       cvss: [Object]
2588 silly audit report     }
2588 silly audit report   ],
2588 silly audit report   tar: [
2588 silly audit report     {
2588 silly audit report       id: 1113375,
2588 silly audit report       url: 'https://github.com/advisories/GHSA-83g3-92jg-28cx',
2588 silly audit report       title: 'Arbitrary File Read/Write via Hardlink Target Escape Through Symlink Chain in node-tar Extraction',
2588 silly audit report       severity: 'high',
2588 silly audit report       vulnerable_versions: '<7.5.8',
2588 silly audit report       cwe: [Array],
2588 silly audit report       cvss: [Object]
2588 silly audit report     },
2588 silly audit report     {
2588 silly audit report       id: 1114200,
2588 silly audit report       url: 'https://github.com/advisories/GHSA-qffp-2rhf-9h96',
2588 silly audit report       title: 'tar has Hardlink Path Traversal via Drive-Relative Linkpath',
2588 silly audit report       severity: 'high',
2588 silly audit report       vulnerable_versions: '<=7.5.9',
2588 silly audit report       cwe: [Array],
2588 silly audit report       cvss: [Object]
2588 silly audit report     },
2588 silly audit report     {
2588 silly audit report       id: 1114302,
2588 silly audit report       url: 'https://github.com/advisories/GHSA-9ppj-qmqm-q256',
2588 silly audit report       title: 'node-tar Symlink Path Traversal via Drive-Relative Linkpath',
2588 silly audit report       severity: 'high',
2588 silly audit report       vulnerable_versions: '<=7.5.10',
2588 silly audit report       cwe: [Array],
2588 silly audit report       cvss: [Object]
2588 silly audit report     }
2588 silly audit report   ]
2588 silly audit report }
2589 silly packumentCache corgi:https://registry.npmjs.org/ajv cache-miss
2590 silly packumentCache corgi:https://registry.npmjs.org/minimatch cache-miss
2591 silly packumentCache corgi:https://registry.npmjs.org/smol-toml cache-miss
2592 silly packumentCache corgi:https://registry.npmjs.org/path-to-regexp cache-miss
2593 silly packumentCache corgi:https://registry.npmjs.org/srvx cache-miss
2594 silly packumentCache corgi:https://registry.npmjs.org/undici cache-miss
2595 silly packumentCache corgi:https://registry.npmjs.org/@tootallnate%2fonce cache-miss
2596 silly packumentCache corgi:https://registry.npmjs.org/tar cache-miss
2597 http fetch GET 200 https://registry.npmjs.org/setprototypeof/-/setprototypeof-1.1.1.tgz 237ms (cache miss)
2598 http fetch GET 200 https://registry.npmjs.org/depd/-/depd-1.1.2.tgz 246ms (cache miss)
2599 http fetch GET 200 https://registry.npmjs.org/inherits/-/inherits-2.0.4.tgz 250ms (cache miss)
2600 http fetch GET 200 https://registry.npmjs.org/unpipe/-/unpipe-1.0.0.tgz 257ms (cache miss)
2601 http fetch GET 200 https://registry.npmjs.org/statuses/-/statuses-1.5.0.tgz 258ms (cache miss)
2602 http fetch GET 200 https://registry.npmjs.org/http-errors/-/http-errors-1.7.3.tgz 259ms (cache miss)
2603 http fetch GET 200 https://registry.npmjs.org/@vercel/oidc/-/oidc-3.2.0.tgz 260ms (cache miss)
2604 http fetch GET 200 https://registry.npmjs.org/socks/-/socks-2.8.9.tgz 260ms (cache miss)
2605 http fetch GET 200 https://registry.npmjs.org/path-browserify/-/path-browserify-1.0.1.tgz 261ms (cache miss)
2606 http fetch GET 200 https://registry.npmjs.org/end-of-stream/-/end-of-stream-1.4.5.tgz 260ms (cache miss)
2607 http fetch GET 200 https://registry.npmjs.org/@vercel/sandbox/-/sandbox-1.9.0.tgz 267ms (cache miss)
2608 http fetch GET 200 https://registry.npmjs.org/@isaacs/balanced-match/-/balanced-match-4.0.1.tgz 273ms (cache miss)
2609 http fetch GET 200 https://registry.npmjs.org/iconv-lite/-/iconv-lite-0.4.24.tgz 278ms (cache miss)
2610 http fetch GET 200 https://registry.npmjs.org/source-map/-/source-map-0.6.1.tgz 278ms (cache miss)
2611 http fetch GET 200 https://registry.npmjs.org/escodegen/-/escodegen-2.1.0.tgz 287ms (cache miss)
2612 http fetch GET 200 https://registry.npmjs.org/netmask/-/netmask-2.1.1.tgz 287ms (cache miss)
2613 http fetch GET 200 https://registry.npmjs.org/bytes/-/bytes-3.1.0.tgz 287ms (cache miss)
2614 http fetch GET 200 https://registry.npmjs.org/degenerator/-/degenerator-5.0.1.tgz 289ms (cache miss)
2615 http fetch GET 200 https://registry.npmjs.org/data-uri-to-buffer/-/data-uri-to-buffer-6.0.2.tgz 289ms (cache miss)
2616 http fetch GET 200 https://registry.npmjs.org/wrappy/-/wrappy-1.0.2.tgz 290ms (cache miss)
2617 http fetch GET 200 https://registry.npmjs.org/esprima/-/esprima-4.0.1.tgz 291ms (cache miss)
2618 http fetch GET 200 https://registry.npmjs.org/socks-proxy-agent/-/socks-proxy-agent-8.0.5.tgz 291ms (cache miss)
2619 http fetch GET 200 https://registry.npmjs.org/basic-ftp/-/basic-ftp-5.3.1.tgz 291ms (cache miss)
2620 http fetch GET 200 https://registry.npmjs.org/proxy-from-env/-/proxy-from-env-1.1.0.tgz 297ms (cache miss)
2621 http fetch GET 200 https://registry.npmjs.org/ast-types/-/ast-types-0.13.4.tgz 303ms (cache miss)
2622 http fetch GET 200 https://registry.npmjs.org/pac-resolver/-/pac-resolver-7.0.1.tgz 307ms (cache miss)
2623 http fetch GET 200 https://registry.npmjs.org/@isaacs/brace-expansion/-/brace-expansion-5.0.1.tgz 313ms (cache miss)
2624 http fetch GET 200 https://registry.npmjs.org/parse-ms/-/parse-ms-2.1.0.tgz 311ms (cache miss)
2625 http fetch GET 200 https://registry.npmjs.org/mimic-fn/-/mimic-fn-2.1.0.tgz 312ms (cache miss)
2626 http fetch GET 200 https://registry.npmjs.org/get-uri/-/get-uri-6.0.5.tgz 313ms (cache miss)
2627 http fetch GET 200 https://registry.npmjs.org/pac-proxy-agent/-/pac-proxy-agent-7.2.0.tgz 314ms (cache miss)
2628 http fetch GET 200 https://registry.npmjs.org/content-type/-/content-type-1.0.4.tgz 321ms (cache miss)
2629 http fetch GET 200 https://registry.npmjs.org/abbrev/-/abbrev-3.0.1.tgz 322ms (cache miss)
2630 http fetch GET 200 https://registry.npmjs.org/http-proxy-agent/-/http-proxy-agent-7.0.2.tgz 322ms (cache miss)
2631 http fetch GET 200 https://registry.npmjs.org/whatwg-url/-/whatwg-url-5.0.0.tgz 328ms (cache miss)
2632 http fetch GET 200 https://registry.npmjs.org/raw-body/-/raw-body-2.4.1.tgz 328ms (cache miss)
2633 http fetch GET 200 https://registry.npmjs.org/arg/-/arg-4.1.0.tgz 337ms (cache miss)
2634 http fetch GET 200 https://registry.npmjs.org/argparse/-/argparse-2.0.1.tgz 339ms (cache miss)
2635 http fetch GET 200 https://registry.npmjs.org/mime-db/-/mime-db-1.52.0.tgz 343ms (cache miss)
2636 http fetch GET 200 https://registry.npmjs.org/agent-base/-/agent-base-7.1.4.tgz 345ms (cache miss)
2637 http fetch GET 200 https://registry.npmjs.org/dunder-proto/-/dunder-proto-1.0.1.tgz 345ms (cache miss)
2638 http fetch GET 200 https://registry.npmjs.org/pump/-/pump-3.0.4.tgz 348ms (cache miss)
2639 http fetch GET 200 https://registry.npmjs.org/ts-toolbelt/-/ts-toolbelt-6.15.5.tgz 353ms (cache miss)
2640 http fetch GET 200 https://registry.npmjs.org/math-intrinsics/-/math-intrinsics-1.1.0.tgz 354ms (cache miss)
2641 http fetch GET 200 https://registry.npmjs.org/has-symbols/-/has-symbols-1.1.0.tgz 356ms (cache miss)
2642 http fetch GET 200 https://registry.npmjs.org/minipass/-/minipass-7.1.3.tgz 363ms (cache miss)
2643 http fetch GET 200 https://registry.npmjs.org/gopd/-/gopd-1.2.0.tgz 363ms (cache miss)
2644 http fetch GET 200 https://registry.npmjs.org/@tootallnate/quickjs-emscripten/-/quickjs-emscripten-0.23.0.tgz 366ms (cache miss)
2645 http fetch GET 200 https://registry.npmjs.org/get-proto/-/get-proto-1.0.1.tgz 370ms (cache miss)
2646 http fetch GET 200 https://registry.npmjs.org/function-bind/-/function-bind-1.1.2.tgz 370ms (cache miss)
2647 http fetch GET 200 https://registry.npmjs.org/universalify/-/universalify-2.0.1.tgz 377ms (cache miss)
2648 http fetch GET 200 https://registry.npmjs.org/once/-/once-1.4.0.tgz 377ms (cache miss)
2649 http fetch GET 200 https://registry.npmjs.org/es-define-property/-/es-define-property-1.0.1.tgz 378ms (cache miss)
2650 http fetch GET 200 https://registry.npmjs.org/path-scurry/-/path-scurry-2.0.2.tgz 378ms (cache miss)
2651 http fetch GET 200 https://registry.npmjs.org/es-object-atoms/-/es-object-atoms-1.1.2.tgz 379ms (cache miss)
2652 http fetch GET 200 https://registry.npmjs.org/delayed-stream/-/delayed-stream-1.0.0.tgz 383ms (cache miss)
2653 http fetch GET 200 https://registry.npmjs.org/es-errors/-/es-errors-1.3.0.tgz 388ms (cache miss)
2654 http fetch GET 200 https://registry.npmjs.org/jsonfile/-/jsonfile-6.2.1.tgz 388ms (cache miss)
2655 http fetch GET 200 https://registry.npmjs.org/get-intrinsic/-/get-intrinsic-1.3.0.tgz 388ms (cache miss)
2656 http fetch GET 200 https://registry.npmjs.org/has-tostringtag/-/has-tostringtag-1.0.2.tgz 391ms (cache miss)
2657 http fetch GET 200 https://registry.npmjs.org/hasown/-/hasown-2.0.4.tgz 397ms (cache miss)
2658 http fetch GET 200 https://registry.npmjs.org/combined-stream/-/combined-stream-1.0.8.tgz 397ms (cache miss)
2659 http fetch GET 200 https://registry.npmjs.org/onetime/-/onetime-5.1.2.tgz 400ms (cache miss)
2660 http fetch GET 200 https://registry.npmjs.org/p-finally/-/p-finally-2.0.1.tgz 406ms (cache miss)
2661 http fetch GET 200 https://registry.npmjs.org/asynckit/-/asynckit-0.4.0.tgz 407ms (cache miss)
2662 http fetch GET 200 https://registry.npmjs.org/npm-run-path/-/npm-run-path-4.0.1.tgz 406ms (cache miss)
2663 http fetch GET 200 https://registry.npmjs.org/call-bind-apply-helpers/-/call-bind-apply-helpers-1.0.2.tgz 406ms (cache miss)
2664 http fetch GET 200 https://registry.npmjs.org/merge-stream/-/merge-stream-2.0.0.tgz 413ms (cache miss)
2665 http fetch GET 200 https://registry.npmjs.org/es-set-tostringtag/-/es-set-tostringtag-2.1.0.tgz 414ms (cache miss)
2666 http fetch GET 200 https://registry.npmjs.org/get-stream/-/get-stream-5.2.0.tgz 414ms (cache miss)
2667 http fetch GET 200 https://registry.npmjs.org/strip-final-newline/-/strip-final-newline-2.0.0.tgz 414ms (cache miss)
2668 http fetch GET 200 https://registry.npmjs.org/time-span/-/time-span-4.0.0.tgz 423ms (cache miss)
2669 http fetch GET 200 https://registry.npmjs.org/pretty-ms/-/pretty-ms-7.0.1.tgz 424ms (cache miss)
2670 http fetch GET 200 https://registry.npmjs.org/human-signals/-/human-signals-1.1.1.tgz 427ms (cache miss)
2671 http fetch GET 200 https://registry.npmjs.org/is-stream/-/is-stream-2.0.1.tgz 436ms (cache miss)
2672 http fetch GET 200 https://registry.npmjs.org/signal-exit/-/signal-exit-4.0.2.tgz 436ms (cache miss)
2673 http fetch GET 200 https://registry.npmjs.org/mri/-/mri-1.2.0.tgz 438ms (cache miss)
2674 http fetch GET 200 https://registry.npmjs.org/readdirp/-/readdirp-4.1.2.tgz 439ms (cache miss)
2675 http fetch GET 200 https://registry.npmjs.org/retry/-/retry-0.13.1.tgz 440ms (cache miss)
2676 http fetch GET 200 https://registry.npmjs.org/@edge-runtime/ponyfill/-/ponyfill-2.4.2.tgz 447ms (cache miss)
2677 http fetch GET 200 https://registry.npmjs.org/@edge-runtime/format/-/format-2.2.1.tgz 454ms (cache miss)
2678 http fetch GET 200 https://registry.npmjs.org/file-uri-to-path/-/file-uri-to-path-1.0.0.tgz 454ms (cache miss)
2679 http fetch GET 200 https://registry.npmjs.org/json-schema-to-ts/-/json-schema-to-ts-1.6.4.tgz 462ms (cache miss)
2680 http fetch GET 200 https://registry.npmjs.org/mime-types/-/mime-types-2.1.35.tgz 475ms (cache miss)
2681 http fetch GET 200 https://registry.npmjs.org/web-vitals/-/web-vitals-0.2.4.tgz 483ms (cache miss)
2682 http fetch GET 200 https://registry.npmjs.org/@vercel/gatsby-plugin-vercel-builder/-/gatsby-plugin-vercel-builder-2.2.10.tgz 488ms (cache miss)
2683 http fetch GET 200 https://registry.npmjs.org/etag/-/etag-1.8.1.tgz 493ms (cache miss)
2684 http fetch GET 200 https://registry.npmjs.org/js-yaml/-/js-yaml-4.1.1.tgz 496ms (cache miss)
2685 http fetch GET 200 https://registry.npmjs.org/@edge-runtime/vm/-/vm-3.2.0.tgz 505ms (cache miss)
2686 http fetch GET 200 https://registry.npmjs.org/@vercel/gatsby-plugin-vercel-analytics/-/gatsby-plugin-vercel-analytics-1.0.11.tgz 516ms (cache miss)
2687 http fetch GET 200 https://registry.npmjs.org/@vercel/error-utils/-/error-utils-2.1.0.tgz 520ms (cache miss)
2688 http fetch GET 200 https://registry.npmjs.org/edge-runtime/-/edge-runtime-2.5.9.tgz 535ms (cache miss)
2689 http fetch GET 200 https://registry.npmjs.org/nopt/-/nopt-8.1.0.tgz 537ms (cache miss)
2690 http fetch GET 200 https://registry.npmjs.org/path-to-regexp/-/path-to-regexp-6.3.0.tgz 548ms (cache miss)
2691 http fetch GET 200 https://registry.npmjs.org/resolve-from/-/resolve-from-5.0.0.tgz 554ms (cache miss)
2692 http fetch GET 200 https://registry.npmjs.org/node-gyp-build/-/node-gyp-build-4.8.4.tgz 556ms (cache miss)
2693 http fetch GET 200 https://registry.npmjs.org/bindings/-/bindings-1.5.0.tgz 601ms (cache miss)
2694 http fetch GET 200 https://registry.npmjs.org/estree-walker/-/estree-walker-2.0.2.tgz 601ms (cache miss)
2695 http fetch GET 200 https://registry.npmjs.org/https-proxy-agent/-/https-proxy-agent-7.0.6.tgz 611ms (cache miss)
2696 http fetch GET 200 https://registry.npmjs.org/graceful-fs/-/graceful-fs-4.2.11.tgz 641ms (cache miss)
2697 http fetch GET 200 https://registry.npmjs.org/glob/-/glob-13.0.6.tgz 647ms (cache miss)
2698 http fetch GET 200 https://registry.npmjs.org/consola/-/consola-3.4.2.tgz 647ms (cache miss)
2699 http fetch GET 200 https://registry.npmjs.org/@rollup/pluginutils/-/pluginutils-5.3.0.tgz 662ms (cache miss)
2700 http fetch GET 200 https://registry.npmjs.org/async-sema/-/async-sema-3.1.1.tgz 667ms (cache miss)
2701 http fetch GET 200 https://registry.npmjs.org/tinyexec/-/tinyexec-0.3.2.tgz 689ms (cache miss)
2702 http fetch GET 200 https://registry.npmjs.org/uid-promise/-/uid-promise-1.0.0.tgz 689ms (cache miss)
2703 http fetch GET 200 https://registry.npmjs.org/yauzl-promise/-/yauzl-promise-2.1.3.tgz 694ms (cache miss)
2704 http fetch GET 200 https://registry.npmjs.org/stream-to-promise/-/stream-to-promise-2.2.0.tgz 726ms (cache miss)
2705 http fetch GET 200 https://registry.npmjs.org/@renovatebot/pep440/-/pep440-4.2.1.tgz 728ms (cache miss)
2706 http fetch GET 200 https://registry.npmjs.org/stat-mode/-/stat-mode-0.3.0.tgz 739ms (cache miss)
2707 http fetch GET 200 https://registry.npmjs.org/promisepipe/-/promisepipe-3.0.0.tgz 739ms (cache miss)
2708 http fetch GET 200 https://registry.npmjs.org/tar/-/tar-7.5.7.tgz 754ms (cache miss)
2709 warn deprecated tar@7.5.7: Old versions of tar are not supported, and contain widely publicized security vulnerabilities, which have been fixed in the current version. Please update. Support for old versions may be purchased (at exorbitant rates) by contacting i@izs.me
2710 http fetch GET 200 https://registry.npmjs.org/@bytecodealliance/preview2-shim/-/preview2-shim-0.17.6.tgz 761ms (cache miss)
2711 http fetch GET 200 https://registry.npmjs.org/@sinclair/typebox/-/typebox-0.25.24.tgz 768ms (cache miss)
2712 http fetch GET 200 https://registry.npmjs.org/@mapbox/node-pre-gyp/-/node-pre-gyp-2.0.3.tgz 772ms (cache miss)
2713 http fetch GET 200 https://registry.npmjs.org/micro/-/micro-9.3.5-canary.3.tgz 777ms (cache miss)
2714 http fetch GET 200 https://registry.npmjs.org/tree-kill/-/tree-kill-1.2.2.tgz 784ms (cache miss)
2715 http fetch GET 200 https://registry.npmjs.org/@tootallnate/once/-/once-2.0.0.tgz 808ms (cache miss)
2716 http fetch GET 200 https://registry.npmjs.org/@vercel/cervel/-/cervel-0.1.10.tgz 817ms (cache miss)
2717 http fetch GET 200 https://registry.npmjs.org/node-fetch/-/node-fetch-2.6.7.tgz 824ms (cache miss)
2718 http fetch GET 200 https://registry.npmjs.org/xdg-app-paths/-/xdg-app-paths-5.5.1.tgz 844ms (cache miss)
2719 http fetch GET 200 https://registry.npmjs.org/async-listen/-/async-listen-1.2.0.tgz 844ms (cache miss)
2720 http fetch GET 200 https://registry.npmjs.org/@ts-morph/common/-/common-0.11.1.tgz 853ms (cache miss)
2721 http fetch GET 200 https://registry.npmjs.org/@vercel/static-config/-/static-config-3.4.0.tgz 844ms (cache miss)
2722 http fetch GET 200 https://registry.npmjs.org/acorn-import-attributes/-/acorn-import-attributes-1.9.5.tgz 854ms (cache miss)
2723 http fetch GET 200 https://registry.npmjs.org/@esbuild/darwin-arm64/-/darwin-arm64-0.27.0.tgz 858ms (cache miss)
2724 http fetch GET 200 https://registry.npmjs.org/cjs-module-lexer/-/cjs-module-lexer-1.2.3.tgz 876ms (cache miss)
2725 http fetch GET 200 https://registry.npmjs.org/@oxc-transform/binding-darwin-arm64/-/binding-darwin-arm64-0.111.0.tgz 883ms (cache miss)
2726 http fetch GET 200 https://registry.npmjs.org/is-node-process/-/is-node-process-1.2.0.tgz 880ms (cache miss)
2727 http fetch GET 200 https://registry.npmjs.org/es-module-lexer/-/es-module-lexer-1.5.0.tgz 880ms (cache miss)
2728 http fetch GET 200 https://registry.npmjs.org/@edge-runtime/node-utils/-/node-utils-2.3.0.tgz 882ms (cache miss)
2729 http fetch GET 200 https://registry.npmjs.org/@edge-runtime/primitives/-/primitives-4.1.0.tgz 884ms (cache miss)
2730 http fetch GET 200 https://registry.npmjs.org/ts-morph/-/ts-morph-12.0.0.tgz 891ms (cache miss)
2731 http fetch GET 200 https://registry.npmjs.org/typescript/-/typescript-5.9.3.tgz 894ms (cache miss)
2732 http fetch GET 200 https://registry.npmjs.org/throttleit/-/throttleit-2.1.0.tgz 897ms (cache miss)
2733 http fetch GET 200 https://registry.npmjs.org/is-buffer/-/is-buffer-2.0.5.tgz 897ms (cache miss)
2734 http fetch GET 200 https://registry.npmjs.org/resolve.exports/-/resolve.exports-2.0.3.tgz 898ms (cache miss)
2735 http fetch GET 200 https://registry.npmjs.org/generic-pool/-/generic-pool-3.4.2.tgz 899ms (cache miss)
2736 http fetch GET 200 https://registry.npmjs.org/tsx/-/tsx-4.21.0.tgz 903ms (cache miss)
2737 http fetch GET 200 https://registry.npmjs.org/async-retry/-/async-retry-1.3.3.tgz 912ms (cache miss)
2738 http fetch GET 200 https://registry.npmjs.org/smol-toml/-/smol-toml-1.5.2.tgz 913ms (cache miss)
2739 http fetch GET 200 https://registry.npmjs.org/srvx/-/srvx-0.8.9.tgz 917ms (cache miss)
2740 http fetch GET 200 https://registry.npmjs.org/path-to-regexp/-/path-to-regexp-8.3.0.tgz 919ms (cache miss)
2741 http fetch GET 200 https://registry.npmjs.org/oxc-transform/-/oxc-transform-0.111.0.tgz 920ms (cache miss)
2742 http fetch GET 200 https://registry.npmjs.org/proxy-agent/-/proxy-agent-6.4.0.tgz 920ms (cache miss)
2743 http fetch GET 200 https://registry.npmjs.org/fs-extra/-/fs-extra-11.1.0.tgz 924ms (cache miss)
2744 http fetch GET 200 https://registry.npmjs.org/undici/-/undici-6.26.0.tgz 927ms (cache miss)
2745 http fetch GET 200 https://registry.npmjs.org/esbuild/-/esbuild-0.27.0.tgz 933ms (cache miss)
2746 http fetch GET 200 https://registry.npmjs.org/execa/-/execa-3.2.0.tgz 939ms (cache miss)
2747 http fetch GET 200 https://registry.npmjs.org/get-port/-/get-port-5.1.1.tgz 946ms (cache miss)
2748 http fetch GET 200 https://registry.npmjs.org/@vercel/nft/-/nft-1.5.0.tgz 947ms (cache miss)
2749 http fetch GET 200 https://registry.npmjs.org/chokidar/-/chokidar-4.0.0.tgz 949ms (cache miss)
2750 http fetch GET 200 https://registry.npmjs.org/form-data/-/form-data-4.0.5.tgz 956ms (cache miss)
2751 http fetch GET 200 https://registry.npmjs.org/@vercel/rust/-/rust-1.3.0.tgz 961ms (cache miss)
2752 http fetch GET 200 https://registry.npmjs.org/jose/-/jose-5.9.6.tgz 981ms (cache miss)
2753 http fetch GET 200 https://registry.npmjs.org/luxon/-/luxon-3.7.2.tgz 987ms (cache miss)
2754 http fetch GET 200 https://registry.npmjs.org/@vercel/ruby/-/ruby-2.4.0.tgz 987ms (cache miss)
2755 http fetch GET 200 https://registry.npmjs.org/@vercel/remix-builder/-/remix-builder-5.8.3.tgz 987ms (cache miss)
2756 http fetch GET 200 https://registry.npmjs.org/@vercel/nestjs/-/nestjs-0.2.87.tgz 990ms (cache miss)
2757 http fetch GET 200 https://registry.npmjs.org/@vercel/koa/-/koa-0.1.66.tgz 990ms (cache miss)
2758 http fetch GET 200 https://registry.npmjs.org/@vercel/hono/-/hono-0.2.86.tgz 1005ms (cache miss)
2759 http fetch GET 200 https://registry.npmjs.org/@vercel/redwood/-/redwood-2.4.14.tgz 1005ms (cache miss)
2760 http fetch GET 200 https://registry.npmjs.org/@vercel/go/-/go-3.8.0.tgz 1022ms (cache miss)
2761 http fetch GET 200 https://registry.npmjs.org/@vercel/static-build/-/static-build-2.9.33.tgz 1029ms (cache miss)
2762 http fetch GET 200 https://registry.npmjs.org/@vercel/hydrogen/-/hydrogen-1.3.8.tgz 1032ms (cache miss)
2763 http fetch GET 200 https://registry.npmjs.org/@vercel/fastify/-/fastify-0.1.86.tgz 1032ms (cache miss)
2764 http fetch GET 200 https://registry.npmjs.org/@vercel/h3/-/h3-0.1.92.tgz 1032ms (cache miss)
2765 http fetch GET 200 https://registry.npmjs.org/@vercel/elysia/-/elysia-0.1.83.tgz 1036ms (cache miss)
2766 http fetch GET 200 https://registry.npmjs.org/@vercel/python-analysis/-/python-analysis-0.11.1.tgz 1054ms (cache miss)
2767 http fetch GET 200 https://registry.npmjs.org/@vercel/express/-/express-0.1.93.tgz 1061ms (cache miss)
2768 http fetch GET 200 https://registry.npmjs.org/@vercel/node/-/node-5.8.7.tgz 1064ms (cache miss)
2769 http fetch GET 200 https://registry.npmjs.org/tslib/-/tslib-2.8.1.tgz 1078ms (cache miss)
2770 http fetch GET 200 https://registry.npmjs.org/@vercel/backends/-/backends-0.8.2.tgz 1084ms (cache miss)
2771 http fetch GET 200 https://registry.npmjs.org/@vercel/blob/-/blob-2.4.0.tgz 1086ms (cache miss)
2772 http fetch GET 200 https://registry.npmjs.org/@vercel/build-utils/-/build-utils-13.26.4.tgz 1095ms (cache miss)
2773 http fetch GET 200 https://registry.npmjs.org/@emnapi/runtime/-/runtime-1.10.0.tgz 1105ms (cache miss)
2774 http fetch GET 200 https://registry.npmjs.org/@emnapi/wasi-threads/-/wasi-threads-1.2.1.tgz 1112ms (cache miss)
2775 http fetch GET 200 https://registry.npmjs.org/picomatch/-/picomatch-2.3.2.tgz 1115ms (cache miss)
2776 http fetch GET 200 https://registry.npmjs.org/brace-expansion/-/brace-expansion-1.1.15.tgz 1121ms (cache miss)
2777 http fetch GET 200 https://registry.npmjs.org/@tybys/wasm-util/-/wasm-util-0.10.2.tgz 1125ms (cache miss)
2778 http fetch GET 200 https://registry.npmjs.org/@emnapi/core/-/core-1.10.0.tgz 1142ms (cache miss)
2779 http fetch GET 200 https://registry.npmjs.org/balanced-match/-/balanced-match-1.0.2.tgz 1144ms (cache miss)
2780 http fetch GET 200 https://registry.npmjs.org/minimatch/-/minimatch-3.1.5.tgz 1164ms (cache miss)
2781 http fetch GET 200 https://registry.npmjs.org/glob-parent/-/glob-parent-5.1.2.tgz 1164ms (cache miss)
2782 http fetch GET 200 https://registry.npmjs.org/zod/-/zod-3.24.4.tgz 1187ms (cache miss)
2783 http fetch GET 200 https://registry.npmjs.org/xdg-app-paths/-/xdg-app-paths-5.1.0.tgz 1187ms (cache miss)
2784 http fetch GET 200 https://registry.npmjs.org/undici/-/undici-7.26.0.tgz 1190ms (cache miss)
2785 http fetch GET 200 https://registry.npmjs.org/picocolors/-/picocolors-1.0.0.tgz 1197ms (cache miss)
2786 http fetch GET 200 https://registry.npmjs.org/async-listen/-/async-listen-3.0.1.tgz 1210ms (cache miss)
2787 http fetch GET 200 https://registry.npmjs.org/@vercel/prepare-flags-definitions/-/prepare-flags-definitions-0.2.1.tgz 1212ms (cache miss)
2788 http fetch GET 200 https://registry.npmjs.org/@vercel/python/-/python-6.43.3.tgz 1214ms (cache miss)
2789 http fetch GET 200 https://registry.npmjs.org/@napi-rs/wasm-runtime/-/wasm-runtime-1.1.4.tgz 1215ms (cache miss)
2790 http fetch GET 200 https://registry.npmjs.org/end-of-stream/-/end-of-stream-1.1.0.tgz 1217ms (cache miss)
2791 http fetch GET 200 https://registry.npmjs.org/yallist/-/yallist-5.0.0.tgz 1217ms (cache miss)
2792 http fetch GET 200 https://registry.npmjs.org/semver/-/semver-7.8.1.tgz 1222ms (cache miss)
2793 http fetch GET 200 https://registry.npmjs.org/lru-cache/-/lru-cache-11.5.1.tgz 1244ms (cache miss)
2794 http fetch GET 200 https://registry.npmjs.org/json-schema-traverse/-/json-schema-traverse-1.0.0.tgz 1246ms (cache miss)
2795 http fetch GET 200 https://registry.npmjs.org/once/-/once-1.3.3.tgz 1247ms (cache miss)
2796 http fetch GET 200 https://registry.npmjs.org/signal-exit/-/signal-exit-3.0.7.tgz 1253ms (cache miss)
2797 http fetch GET 200 https://registry.npmjs.org/signal-exit/-/signal-exit-3.0.7.tgz 1253ms (cache miss)
2798 http fetch GET 200 https://registry.npmjs.org/zod/-/zod-3.22.4.tgz 1256ms (cache miss)
2799 http fetch GET 200 https://registry.npmjs.org/@vercel/detect-agent/-/detect-agent-1.2.3.tgz 1263ms (cache miss)
2800 http fetch GET 200 https://registry.npmjs.org/minimatch/-/minimatch-10.1.1.tgz 1264ms (cache miss)
2801 http fetch GET 200 https://registry.npmjs.org/fs-extra/-/fs-extra-11.1.1.tgz 1264ms (cache miss)
2802 http fetch GET 200 https://registry.npmjs.org/human-signals/-/human-signals-2.1.0.tgz 1274ms (cache miss)
2803 http fetch GET 200 https://registry.npmjs.org/path-to-regexp/-/path-to-regexp-6.1.0.tgz 1278ms (cache miss)
2804 http fetch GET 200 https://registry.npmjs.org/vercel/-/vercel-54.6.0.tgz 1282ms (cache miss)
2805 http fetch GET 200 https://registry.npmjs.org/@vercel/cli-config/-/cli-config-0.1.2.tgz 1289ms (cache miss)
2806 http fetch GET 200 https://registry.npmjs.org/execa/-/execa-5.1.1.tgz 1287ms (cache miss)
2807 http fetch GET 200 https://registry.npmjs.org/get-stream/-/get-stream-6.0.1.tgz 1292ms (cache miss)
2808 http fetch GET 200 https://registry.npmjs.org/undici-types/-/undici-types-5.26.5.tgz 1292ms (cache miss)
2809 http fetch GET 200 https://registry.npmjs.org/path-to-regexp/-/path-to-regexp-6.1.0.tgz 1295ms (cache miss)
2810 http fetch GET 200 https://registry.npmjs.org/node-fetch/-/node-fetch-2.6.9.tgz 1298ms (cache miss)
2811 http fetch GET 200 https://registry.npmjs.org/lru-cache/-/lru-cache-7.18.3.tgz 1299ms (cache miss)
2812 http fetch GET 200 https://registry.npmjs.org/@vercel/fun/-/fun-1.3.0.tgz 1303ms (cache miss)
2813 http fetch GET 200 https://registry.npmjs.org/lru-cache/-/lru-cache-6.0.0.tgz 1305ms (cache miss)
2814 http fetch GET 200 https://registry.npmjs.org/xdg-app-paths/-/xdg-app-paths-5.1.0.tgz 1309ms (cache miss)
2815 http fetch GET 200 https://registry.npmjs.org/es-module-lexer/-/es-module-lexer-1.4.1.tgz 1310ms (cache miss)
2816 http fetch GET 200 https://registry.npmjs.org/ms/-/ms-2.1.1.tgz 1314ms (cache miss)
2817 http fetch GET 200 https://registry.npmjs.org/yallist/-/yallist-4.0.0.tgz 1315ms (cache miss)
2818 http fetch GET 200 https://registry.npmjs.org/ajv/-/ajv-8.6.3.tgz 1318ms (cache miss)
2819 http fetch GET 200 https://registry.npmjs.org/semver/-/semver-7.5.4.tgz 1319ms (cache miss)
2820 http fetch GET 200 https://registry.npmjs.org/ms/-/ms-2.1.2.tgz 1324ms (cache miss)
2821 http fetch GET 200 https://registry.npmjs.org/zod/-/zod-3.22.4.tgz 1327ms (cache miss)
2822 http fetch GET 200 https://registry.npmjs.org/async-listen/-/async-listen-3.0.0.tgz 1327ms (cache miss)
2823 http fetch GET 200 https://registry.npmjs.org/debug/-/debug-4.3.4.tgz 1330ms (cache miss)
2824 http fetch GET 200 https://registry.npmjs.org/undici/-/undici-5.28.4.tgz 1341ms (cache miss)
2825 http fetch GET 200 https://registry.npmjs.org/zod/-/zod-3.22.4.tgz 1342ms (cache miss)
2826 http fetch GET 200 https://registry.npmjs.org/path-to-regexp/-/path-to-regexp-8.2.0.tgz 1347ms (cache miss)
2827 http fetch GET 200 https://registry.npmjs.org/zod/-/zod-3.22.4.tgz 1348ms (cache miss)
2828 http fetch GET 200 https://registry.npmjs.org/smol-toml 1168ms (cache miss)
2829 silly packumentCache corgi:https://registry.npmjs.org/smol-toml set size:undefined disposed:false
2830 http fetch GET 200 https://registry.npmjs.org/@tootallnate%2fonce 1171ms (cache miss)
2831 silly packumentCache corgi:https://registry.npmjs.org/@tootallnate%2fonce set size:undefined disposed:false
2832 http fetch GET 200 https://registry.npmjs.org/minimatch 1175ms (cache miss)
2833 silly packumentCache corgi:https://registry.npmjs.org/minimatch set size:undefined disposed:false
2834 http fetch GET 200 https://registry.npmjs.org/srvx 1179ms (cache miss)
2835 silly packumentCache corgi:https://registry.npmjs.org/srvx set size:undefined disposed:false
2836 http fetch GET 200 https://registry.npmjs.org/rolldown/-/rolldown-1.0.0-rc.1.tgz 1403ms (cache miss)
2837 http fetch GET 200 https://registry.npmjs.org/undici 1196ms (cache miss)
2838 silly packumentCache corgi:https://registry.npmjs.org/undici set size:undefined disposed:false
2839 http fetch GET 200 https://registry.npmjs.org/ajv 1211ms (cache miss)
2840 silly packumentCache corgi:https://registry.npmjs.org/ajv set size:undefined disposed:false
2841 http fetch GET 200 https://registry.npmjs.org/path-to-regexp 1218ms (cache miss)
2842 silly packumentCache corgi:https://registry.npmjs.org/path-to-regexp set size:undefined disposed:false
2843 http fetch GET 200 https://registry.npmjs.org/tar 1220ms (cache miss)
2844 silly packumentCache corgi:https://registry.npmjs.org/tar set size:undefined disposed:false
2845 silly packumentCache corgi:https://registry.npmjs.org/@vercel%2fstatic-config cache-miss
2846 http fetch GET 200 https://registry.npmjs.org/@vercel%2fstatic-config 55ms (cache miss)
2847 silly packumentCache corgi:https://registry.npmjs.org/@vercel%2fstatic-config set size:undefined disposed:false
2848 silly packumentCache corgi:https://registry.npmjs.org/@vercel%2fpython-analysis cache-miss
2849 http fetch GET 200 https://registry.npmjs.org/zod/-/zod-4.1.11.tgz 1513ms (cache miss)
2850 http fetch GET 200 https://registry.npmjs.org/zod/-/zod-4.1.11.tgz 1516ms (cache miss)
2851 http fetch GET 200 https://registry.npmjs.org/@vercel/next/-/next-4.17.4.tgz 1557ms (cache miss)
2852 http fetch GET 200 https://registry.npmjs.org/@vercel%2fpython-analysis 69ms (cache miss)
2853 silly packumentCache corgi:https://registry.npmjs.org/@vercel%2fpython-analysis set size:undefined disposed:false
2854 silly packumentCache corgi:https://registry.npmjs.org/vercel cache-miss
2855 silly packumentCache corgi:https://registry.npmjs.org/@vercel%2frust cache-miss
2856 http fetch GET 200 https://registry.npmjs.org/@oxc-project/types/-/types-0.110.0.tgz 1578ms (cache miss)
2857 http fetch GET 200 https://registry.npmjs.org/@rolldown/pluginutils/-/pluginutils-1.0.0-rc.1.tgz 1588ms (cache miss)
2858 http fetch GET 200 https://registry.npmjs.org/@types/node/-/node-20.11.0.tgz 1591ms (cache miss)
2859 http fetch GET 200 https://registry.npmjs.org/vercel 148ms (cache miss)
2860 silly packumentCache corgi:https://registry.npmjs.org/vercel set size:undefined disposed:false
2861 http fetch GET 200 https://registry.npmjs.org/@rolldown/binding-darwin-arm64/-/binding-darwin-arm64-1.0.0-rc.1.tgz 1810ms (cache miss)
2862 http fetch GET 200 https://registry.npmjs.org/@vercel%2frust 261ms (cache miss)
2863 silly packumentCache corgi:https://registry.npmjs.org/@vercel%2frust set size:undefined disposed:false
2864 silly packumentCache corgi:https://registry.npmjs.org/@vercel%2fnode cache-miss
2865 silly packumentCache corgi:https://registry.npmjs.org/@vercel%2fremix-builder cache-miss
2866 http fetch GET 200 https://registry.npmjs.org/sandbox/-/sandbox-2.5.6.tgz 1864ms (cache miss)
2867 info run esbuild@0.27.0 postinstall node_modules/esbuild node install.js
2868 http fetch GET 200 https://registry.npmjs.org/@vercel%2fnode 303ms (cache miss)
2869 silly packumentCache corgi:https://registry.npmjs.org/@vercel%2fnode set size:undefined disposed:false
2870 info run esbuild@0.27.0 postinstall { code: 0, signal: null }
2871 http fetch GET 200 https://registry.npmjs.org/@vercel%2fremix-builder 507ms (cache miss)
2872 silly packumentCache corgi:https://registry.npmjs.org/@vercel%2fremix-builder set size:undefined disposed:false
2873 silly packumentCache corgi:https://registry.npmjs.org/@vercel%2fbackends cache-miss
2874 silly packumentCache corgi:https://registry.npmjs.org/@vercel%2fexpress cache-miss
2875 silly packumentCache corgi:https://registry.npmjs.org/@vercel%2fhono cache-miss
2876 silly packumentCache corgi:https://registry.npmjs.org/@vercel%2ffun cache-miss
2877 http fetch GET 200 https://registry.npmjs.org/@vercel%2fbackends 265ms (cache miss)
2878 silly packumentCache corgi:https://registry.npmjs.org/@vercel%2fbackends set size:undefined disposed:false
2879 http fetch GET 200 https://registry.npmjs.org/@vercel%2ffun 280ms (cache miss)
2880 silly packumentCache corgi:https://registry.npmjs.org/@vercel%2ffun set size:undefined disposed:false
2881 http fetch GET 200 https://registry.npmjs.org/@vercel%2fhono 286ms (cache miss)
2882 silly packumentCache corgi:https://registry.npmjs.org/@vercel%2fhono set size:undefined disposed:false
2883 http fetch GET 200 https://registry.npmjs.org/@vercel%2fexpress 492ms (cache miss)
2884 silly packumentCache corgi:https://registry.npmjs.org/@vercel%2fexpress set size:undefined disposed:false
2885 silly packumentCache corgi:https://registry.npmjs.org/@mapbox%2fnode-pre-gyp cache-miss
2886 http fetch GET 200 https://registry.npmjs.org/@mapbox%2fnode-pre-gyp 60ms (cache miss)
2887 silly packumentCache corgi:https://registry.npmjs.org/@mapbox%2fnode-pre-gyp set size:undefined disposed:false
2888 silly packumentCache corgi:https://registry.npmjs.org/@vercel%2felysia cache-miss
2889 silly packumentCache corgi:https://registry.npmjs.org/@vercel%2ffastify cache-miss
2890 silly packumentCache corgi:https://registry.npmjs.org/@vercel%2fh3 cache-miss
2891 silly packumentCache corgi:https://registry.npmjs.org/@vercel%2fhydrogen cache-miss
2892 silly packumentCache corgi:https://registry.npmjs.org/@vercel%2fkoa cache-miss
2893 silly packumentCache corgi:https://registry.npmjs.org/@vercel%2fnestjs cache-miss
2894 silly packumentCache corgi:https://registry.npmjs.org/@vercel%2fredwood cache-miss
2895 silly packumentCache corgi:https://registry.npmjs.org/@vercel%2fstatic-build cache-miss
2896 http fetch GET 200 https://registry.npmjs.org/@vercel%2fnestjs 268ms (cache miss)
2897 silly packumentCache corgi:https://registry.npmjs.org/@vercel%2fnestjs set size:undefined disposed:false
2898 http fetch GET 200 https://registry.npmjs.org/@vercel%2felysia 287ms (cache miss)
2899 silly packumentCache corgi:https://registry.npmjs.org/@vercel%2felysia set size:undefined disposed:false
2900 http fetch GET 200 https://registry.npmjs.org/@vercel%2fredwood 307ms (cache miss)
2901 silly packumentCache corgi:https://registry.npmjs.org/@vercel%2fredwood set size:undefined disposed:false
2902 http fetch GET 200 https://registry.npmjs.org/@vercel%2fh3 493ms (cache miss)
2903 silly packumentCache corgi:https://registry.npmjs.org/@vercel%2fh3 set size:undefined disposed:false
2904 http fetch GET 200 https://registry.npmjs.org/@vercel%2fhydrogen 515ms (cache miss)
2905 silly packumentCache corgi:https://registry.npmjs.org/@vercel%2fhydrogen set size:undefined disposed:false
2906 http fetch GET 200 https://registry.npmjs.org/@vercel%2ffastify 517ms (cache miss)
2907 silly packumentCache corgi:https://registry.npmjs.org/@vercel%2ffastify set size:undefined disposed:false
2908 http fetch GET 200 https://registry.npmjs.org/@vercel%2fstatic-build 521ms (cache miss)
2909 silly packumentCache corgi:https://registry.npmjs.org/@vercel%2fstatic-build set size:undefined disposed:false
2910 http fetch GET 200 https://registry.npmjs.org/@vercel%2fkoa 533ms (cache miss)
2911 silly packumentCache corgi:https://registry.npmjs.org/@vercel%2fkoa set size:undefined disposed:false
2912 silly packumentCache corgi:https://registry.npmjs.org/@vercel%2fbuild-utils cache-miss
2913 silly packumentCache corgi:https://registry.npmjs.org/@vercel%2fpython cache-miss
2914 http fetch GET 200 https://registry.npmjs.org/@vercel%2fbuild-utils 328ms (cache miss)
2915 silly packumentCache corgi:https://registry.npmjs.org/@vercel%2fbuild-utils set size:undefined disposed:false
2916 http fetch GET 200 https://registry.npmjs.org/@vercel%2fpython 536ms (cache miss)
2917 silly packumentCache corgi:https://registry.npmjs.org/@vercel%2fpython set size:undefined disposed:false
2918 silly packumentCache corgi:https://registry.npmjs.org/@vercel%2fcervel cache-miss
2919 http fetch GET 200 https://registry.npmjs.org/@vercel%2fcervel 284ms (cache miss)
2920 silly packumentCache corgi:https://registry.npmjs.org/@vercel%2fcervel set size:undefined disposed:false
2921 silly packumentCache corgi:https://registry.npmjs.org/@vercel%2fgatsby-plugin-vercel-builder cache-miss
2922 http fetch GET 200 https://registry.npmjs.org/@vercel%2fgatsby-plugin-vercel-builder 141ms (cache miss)
2923 silly packumentCache corgi:https://registry.npmjs.org/@vercel%2fgatsby-plugin-vercel-builder set size:undefined disposed:false
2924 silly ADD node_modules/require-from-string
2925 silly ADD node_modules/@isaacs/balanced-match
2926 silly ADD node_modules/@isaacs/brace-expansion
2927 silly ADD node_modules/@fastify/busboy
2928 silly ADD node_modules/concat-map
2929 silly ADD node_modules/events-intercept
2930 silly ADD node_modules/pend
2931 silly ADD node_modules/fd-slicer
2932 silly ADD node_modules/buffer-crc32
2933 silly ADD node_modules/yauzl-clone
2934 silly ADD node_modules/yauzl
2935 silly ADD node_modules/xdg-portable
2936 silly ADD node_modules/os-paths
2937 silly ADD node_modules/webidl-conversions
2938 silly ADD node_modules/tr46
2939 silly ADD node_modules/undici-types
2940 silly ADD node_modules/@types/node
2941 silly ADD node_modules/resolve-pkg-maps
2942 silly ADD node_modules/get-tsconfig
2943 silly ADD node_modules/is-number
2944 silly ADD node_modules/queue-microtask
2945 silly ADD node_modules/to-regex-range
2946 silly ADD node_modules/fill-range
2947 silly ADD node_modules/braces
2948 silly ADD node_modules/reusify
2949 silly ADD node_modules/run-parallel
2950 silly ADD node_modules/fastq
2951 silly ADD node_modules/@nodelib/fs.scandir
2952 silly ADD node_modules/micromatch
2953 silly ADD node_modules/micromatch/node_modules/picomatch
2954 silly ADD node_modules/merge2
2955 silly ADD node_modules/@nodelib/fs.walk
2956 silly ADD node_modules/@nodelib/fs.stat
2957 silly ADD node_modules/path-browserify
2958 silly ADD node_modules/mkdirp
2959 silly ADD node_modules/fast-glob
2960 silly ADD node_modules/fast-glob/node_modules/glob-parent
2961 silly ADD node_modules/code-block-writer
2962 silly ADD node_modules/@ts-morph/common
2963 silly ADD node_modules/@ts-morph/common/node_modules/balanced-match
2964 silly ADD node_modules/@ts-morph/common/node_modules/brace-expansion
2965 silly ADD node_modules/@ts-morph/common/node_modules/minimatch
2966 silly ADD node_modules/convert-hrtime
2967 silly ADD node_modules/bare-events
2968 silly ADD node_modules/text-decoder
2969 silly ADD node_modules/events-universal
2970 silly ADD node_modules/streamx
2971 silly ADD node_modules/fast-fifo
2972 silly ADD node_modules/b4a
2973 silly ADD node_modules/minizlib
2974 silly ADD node_modules/chownr
2975 silly ADD node_modules/@isaacs/fs-minipass
2976 silly ADD node_modules/stream-to-array
2977 silly ADD node_modules/any-promise
2978 silly ADD node_modules/cookie-es
2979 silly ADD node_modules/smart-buffer
2980 silly ADD node_modules/ip-address
2981 silly ADD node_modules/socks
2982 silly ADD node_modules/tar-stream
2983 silly ADD node_modules/jsonlines
2984 silly ADD node_modules/@vercel/oidc
2985 silly ADD node_modules/@vercel/sandbox
2986 silly ADD node_modules/@vercel/sandbox/node_modules/zod
2987 silly ADD node_modules/@vercel/sandbox/node_modules/xdg-app-paths
2988 silly ADD node_modules/@vercel/sandbox/node_modules/undici
2989 silly ADD node_modules/safer-buffer
2990 silly ADD node_modules/toidentifier
2991 silly ADD node_modules/statuses
2992 silly ADD node_modules/setprototypeof
2993 silly ADD node_modules/inherits
2994 silly ADD node_modules/depd
2995 silly ADD node_modules/unpipe
2996 silly ADD node_modules/iconv-lite
2997 silly ADD node_modules/http-errors
2998 silly ADD node_modules/bytes
2999 silly ADD node_modules/wrappy
3000 silly ADD node_modules/once
3001 silly ADD node_modules/end-of-stream
3002 silly ADD node_modules/source-map
3003 silly ADD node_modules/esprima
3004 silly ADD node_modules/escodegen
3005 silly ADD node_modules/ast-types
3006 silly ADD node_modules/netmask
3007 silly ADD node_modules/degenerator
3008 silly ADD node_modules/data-uri-to-buffer
3009 silly ADD node_modules/basic-ftp
3010 silly ADD node_modules/pac-resolver
3011 silly ADD node_modules/get-uri
3012 silly ADD node_modules/@tootallnate/quickjs-emscripten
3013 silly ADD node_modules/socks-proxy-agent
3014 silly ADD node_modules/proxy-from-env
3015 silly ADD node_modules/pac-proxy-agent
3016 silly ADD node_modules/http-proxy-agent
3017 silly ADD node_modules/parse-ms
3018 silly ADD
3019 silly ADD
3020 silly ADD
3021 silly ADD
3022 silly ADD
3023 silly ADD
3024 silly ADD
3025 silly ADD
3026 silly ADD
3027 silly ADD
3028 silly ADD
3029 silly ADD
3030 silly ADD
3031 silly ADD
3032 silly ADD
3033 silly ADD
3034 silly ADD
3035 silly ADD node_modules/@oxc-transform/binding-darwin-arm64
3036 silly ADD
3037 silly ADD
3038 silly ADD node_modules/mimic-fn
3039 silly ADD node_modules/abbrev
3040 silly ADD node_modules/whatwg-url
3041 silly ADD node_modules/mime-db
3042 silly ADD node_modules/raw-body
3043 silly ADD node_modules/content-type
3044 silly ADD node_modules/arg
3045 silly ADD node_modules/ts-toolbelt
3046 silly ADD node_modules/argparse
3047 silly ADD node_modules/agent-base
3048 silly ADD node_modules/path-scurry
3049 silly ADD node_modules/path-scurry/node_modules/lru-cache
3050 silly ADD node_modules/minipass
3051 silly ADD node_modules/pump
3052 silly ADD node_modules/dunder-proto
3053 silly ADD node_modules/math-intrinsics
3054 silly ADD node_modules/has-symbols
3055 silly ADD node_modules/gopd
3056 silly ADD node_modules/get-proto
3057 silly ADD node_modules/function-bind
3058 silly ADD node_modules/es-object-atoms
3059 silly ADD node_modules/es-define-property
3060 silly ADD node_modules/call-bind-apply-helpers
3061 silly ADD node_modules/universalify
3062 silly ADD node_modules/jsonfile
3063 silly ADD node_modules/has-tostringtag
3064 silly ADD node_modules/get-intrinsic
3065 silly ADD node_modules/es-errors
3066 silly ADD node_modules/delayed-stream
3067 silly ADD node_modules/hasown
3068 silly ADD node_modules/es-set-tostringtag
3069 silly ADD node_modules/combined-stream
3070 silly ADD node_modules/asynckit
3071 silly ADD node_modules/strip-final-newline
3072 silly ADD node_modules/p-finally
3073 silly ADD node_modules/onetime
3074 silly ADD node_modules/npm-run-path
3075 silly ADD node_modules/merge-stream
3076 silly ADD node_modules/is-stream
3077 silly ADD node_modules/human-signals
3078 silly ADD node_modules/get-stream
3079 silly ADD
3080 silly ADD
3081 silly ADD
3082 silly ADD
3083 silly ADD
3084 silly ADD
3085 silly ADD
3086 silly ADD
3087 silly ADD
3088 silly ADD
3089 silly ADD
3090 silly ADD
3091 silly ADD
3092 silly ADD
3093 silly ADD
3094 silly ADD
3095 silly ADD
3096 silly ADD
3097 silly ADD
3098 silly ADD
3099 silly ADD
3100 silly ADD node_modules/@esbuild/darwin-arm64
3101 silly ADD
3102 silly ADD
3103 silly ADD
3104 silly ADD
3105 silly ADD node_modules/time-span
3106 silly ADD node_modules/signal-exit
3107 silly ADD node_modules/pretty-ms
3108 silly ADD node_modules/mri
3109 silly ADD node_modules/@edge-runtime/ponyfill
3110 silly ADD node_modules/@edge-runtime/format
3111 silly ADD node_modules/readdirp
3112 silly ADD node_modules/file-uri-to-path
3113 silly ADD node_modules/retry
3114 silly ADD node_modules/json-schema-to-ts
3115 silly ADD node_modules/@sinclair/typebox
3116 silly ADD node_modules/web-vitals
3117 silly ADD node_modules/@vercel/gatsby-plugin-vercel-builder
3118 silly ADD node_modules/@vercel/gatsby-plugin-vercel-analytics
3119 silly ADD node_modules/js-yaml
3120 silly ADD node_modules/@renovatebot/pep440
3121 silly ADD node_modules/@bytecodealliance/preview2-shim
3122 silly ADD node_modules/typescript
3123 silly ADD node_modules/path-to-regexp-updated
3124 silly ADD node_modules/mime-types
3125 silly ADD node_modules/etag
3126 silly ADD node_modules/edge-runtime
3127 silly ADD node_modules/edge-runtime/node_modules/picocolors
3128 silly ADD node_modules/edge-runtime/node_modules/async-listen
3129 silly ADD node_modules/@vercel/error-utils
3130 silly ADD node_modules/@edge-runtime/vm
3131 silly ADD node_modules/@edge-runtime/primitives
3132 silly ADD node_modules/@edge-runtime/node-utils
3133 silly ADD node_modules/nopt
3134 silly ADD node_modules/https-proxy-agent
3135 silly ADD node_modules/consola
3136 silly ADD node_modules/resolve-from
3137 silly ADD node_modules/node-gyp-build
3138 silly ADD node_modules/graceful-fs
3139 silly ADD node_modules/glob
3140 silly ADD node_modules/estree-walker
3141 silly ADD node_modules/bindings
3142 silly ADD node_modules/async-sema
3143 silly ADD node_modules/acorn-import-attributes
3144 silly ADD node_modules/@rollup/pluginutils
3145 silly ADD node_modules/@mapbox/node-pre-gyp
3146 silly ADD node_modules/@mapbox/node-pre-gyp/node_modules/semver
3147 silly ADD node_modules/yauzl-promise
3148 silly ADD node_modules/uid-promise
3149 silly ADD node_modules/tree-kill
3150 silly ADD node_modules/tinyexec
3151 silly ADD node_modules/tar
3152 silly ADD node_modules/tar/node_modules/yallist
3153 silly ADD node_modules/stream-to-promise
3154 silly ADD node_modules/stream-to-promise/node_modules/once
3155 silly ADD node_modules/stream-to-promise/node_modules/end-of-stream
3156 silly ADD node_modules/stat-mode
3157 silly ADD node_modules/promisepipe
3158 silly ADD node_modules/node-fetch
3159 silly ADD node_modules/micro
3160 silly ADD node_modules/generic-pool
3161 silly ADD node_modules/async-listen
3162 silly ADD node_modules/@tootallnate/once
3163 silly ADD node_modules/ts-morph
3164 silly ADD node_modules/@vercel/cervel
3165 silly ADD node_modules/@vercel/static-config
3166 silly ADD node_modules/@vercel/static-config/node_modules/json-schema-traverse
3167 silly ADD node_modules/@vercel/static-config/node_modules/ajv
3168 silly ADD node_modules/xdg-app-paths
3169 silly ADD node_modules/es-module-lexer
3170 silly ADD node_modules/cjs-module-lexer
3171 silly ADD node_modules/@vercel/python-analysis
3172 silly ADD node_modules/@vercel/python-analysis/node_modules/zod
3173 silly ADD node_modules/@vercel/python-analysis/node_modules/minimatch
3174 silly ADD node_modules/@vercel/python-analysis/node_modules/fs-extra
3175 silly ADD node_modules/undici
3176 silly ADD node_modules/throttleit
3177 silly ADD node_modules/is-node-process
3178 silly ADD node_modules/is-buffer
3179 silly ADD node_modules/async-retry
3180 silly ADD node_modules/tsx
3181 silly ADD node_modules/srvx
3182 silly ADD node_modules/resolve.exports
3183 silly ADD node_modules/path-to-regexp
3184 silly ADD node_modules/oxc-transform
3185 silly ADD node_modules/get-port
3186 silly ADD node_modules/fs-extra
3187 silly ADD node_modules/execa
3188 silly ADD node_modules/execa/node_modules/signal-exit
3189 silly ADD node_modules/@vercel/nft
3190 silly ADD node_modules/smol-toml
3191 silly ADD node_modules/sandbox
3192 silly ADD node_modules/proxy-agent
3193 silly ADD node_modules/proxy-agent/node_modules/lru-cache
3194 silly ADD node_modules/luxon
3195 silly ADD node_modules/jose
3196 silly ADD node_modules/form-data
3197 silly ADD node_modules/esbuild
3198 silly ADD node_modules/chokidar
3199 silly ADD node_modules/@vercel/static-build
3200 silly ADD node_modules/@vercel/rust
3201 silly ADD node_modules/@vercel/rust/node_modules/signal-exit
3202 silly ADD node_modules/@vercel/rust/node_modules/human-signals
3203 silly ADD node_modules/@vercel/rust/node_modules/get-stream
3204 silly ADD node_modules/@vercel/rust/node_modules/execa
3205 silly ADD node_modules/@vercel/ruby
3206 silly ADD node_modules/@vercel/remix-builder
3207 silly ADD node_modules/@vercel/remix-builder/node_modules/path-to-regexp
3208 silly ADD node_modules/@vercel/redwood
3209 silly ADD node_modules/@vercel/python
3210 silly ADD node_modules/@vercel/prepare-flags-definitions
3211 silly ADD node_modules/@vercel/node
3212 silly ADD node_modules/@vercel/node/node_modules/undici-types
3213 silly ADD node_modules/@vercel/node/node_modules/@types/node
3214 silly ADD node_modules/@vercel/node/node_modules/undici
3215 silly ADD node_modules/@vercel/node/node_modules/path-to-regexp
3216 silly ADD node_modules/@vercel/node/node_modules/node-fetch
3217 silly ADD node_modules/@vercel/node/node_modules/es-module-lexer
3218 silly ADD node_modules/@vercel/node/node_modules/async-listen
3219 silly ADD node_modules/@vercel/next
3220 silly ADD node_modules/@vercel/nestjs
3221 silly ADD node_modules/@vercel/koa
3222 silly ADD node_modules/@vercel/hydrogen
3223 silly ADD node_modules/@vercel/hono
3224 silly ADD node_modules/@vercel/hono/node_modules/zod
3225 silly ADD node_modules/@vercel/h3
3226 silly ADD node_modules/@vercel/go
3227 silly ADD node_modules/@vercel/fun
3228 silly ADD node_modules/@vercel/fun/node_modules/yallist
3229 silly ADD node_modules/@vercel/fun/node_modules/lru-cache
3230 silly ADD node_modules/@vercel/fun/node_modules/xdg-app-paths
3231 silly ADD node_modules/@vercel/fun/node_modules/semver
3232 silly ADD node_modules/@vercel/fun/node_modules/path-to-regexp
3233 silly ADD node_modules/@vercel/fun/node_modules/ms
3234 silly ADD node_modules/@vercel/fun/node_modules/debug
3235 silly ADD node_modules/@vercel/fun/node_modules/debug/node_modules/ms
3236 silly ADD node_modules/@vercel/fastify
3237 silly ADD node_modules/@vercel/express
3238 silly ADD node_modules/@vercel/express/node_modules/zod
3239 silly ADD node_modules/@vercel/elysia
3240 silly ADD node_modules/@vercel/detect-agent
3241 silly ADD node_modules/@vercel/cli-config
3242 silly ADD node_modules/@vercel/cli-config/node_modules/zod
3243 silly ADD node_modules/@vercel/build-utils
3244 silly ADD node_modules/@vercel/blob
3245 silly ADD node_modules/@vercel/backends
3246 silly ADD node_modules/@vercel/backends/node_modules/@rolldown/pluginutils
3247 silly ADD
3248 silly ADD
3249 silly ADD
3250 silly ADD
3251 silly ADD
3252 silly ADD
3253 silly ADD
3254 silly ADD
3255 silly ADD
3256 silly ADD
3257 silly ADD
3258 silly ADD node_modules/@vercel/backends/node_modules/@rolldown/binding-darwin-arm64
3259 silly ADD
3260 silly ADD node_modules/@vercel/backends/node_modules/@oxc-project/types
3261 silly ADD node_modules/@vercel/backends/node_modules/zod
3262 silly ADD node_modules/@vercel/backends/node_modules/rolldown
3263 silly ADD node_modules/vercel
3264 silly ADD node_modules/vercel/node_modules/zod
3265 silly ADD node_modules/tslib
3266 silly ADD
3267 silly ADD
3268 silly ADD
3269 silly ADD
3270 silly ADD
3271 silly ADD
3272 silly ADD
3273 silly ADD
3274 silly ADD
3275 silly ADD
3276 silly ADD node_modules/@tybys/wasm-util
3277 silly ADD
3278 silly ADD
3279 silly ADD
3280 silly ADD
3281 silly ADD
3282 silly ADD
3283 silly ADD
3284 silly ADD
3285 silly ADD
3286 silly ADD
3287 silly ADD
3288 silly ADD
3289 silly ADD
3290 silly ADD
3291 silly ADD node_modules/@napi-rs/wasm-runtime
3292 silly ADD node_modules/@emnapi/wasi-threads
3293 silly ADD node_modules/@emnapi/runtime
3294 silly ADD node_modules/@emnapi/core
3295 verbose cwd /Users/kunalkakkar/Desktop/ROADSOS/frontend
3296 verbose os Darwin 25.5.0
3297 verbose node v22.14.0
3298 verbose npm  v10.9.2
3299 notice
3299 notice New major version of npm available! 10.9.2 -> 11.16.0
3299 notice Changelog: https://github.com/npm/cli/releases/tag/v11.16.0
3299 notice To update run: npm install -g npm@11.16.0
3299 notice  { force: true, [Symbol(proc-log.meta)]: true }
3300 verbose exit 0
3301 info ok
